{
  "bsmce_new_grounds_soundtrack": {
    "subtitle": "subtitles.bsmce_new_grounds_soundtrack",
    "sounds": [
      {
        "name": "rpg_expansion:new_grounds",
        "stream": false
      }
    ]
  },
  "bsmce_the_setting_sun_soundtrack": {
    "subtitle": "subtitles.bsmce_the_setting_sun_soundtrack",
    "sounds": [
      {
        "name": "rpg_expansion:the_setting_sun",
        "stream": false
      }
    ]
  },
  "bsmce_forgotten_sky_music": {
    "sounds": [
      {
        "name": "rpg_expansion:new_grounds",
        "stream": true
      },
      {
        "name": "rpg_expansion:the_setting_sun",
        "stream": true
      }
    ]
  }
}