{
  "type": "minecraft:crafting_shaped",
  "category": "equipment",
  "pattern": [
    "aba",
    "cdc",
    "efe"
  ],
  "key": {
    "a": {
      "item": "rpg_expansion:bsmceunobtaniumingot"
    },
    "b": {
      "item": "rpg_expansion:bsmceflameofcosmicforge"
    },
    "c": {
      "item": "rpg_expansion:bsmceelectrite"
    },
    "d": {
      "item": "rpg_expansion:bsmceamber"
    },
    "e": {
      "item": "minecraft:iron_ingot"
    },
    "f": {
      "item": "minecraft:leather"
    }
  },
  "result": {
    "item": "rpg_expansion:bsmceheavymetalsword",
    "count": 1
  }
}