{
  "_fv": 57,
  "_type": "recipe",
  "definition": {
    "recipeType": "Crafting",
    "recipeRetstackSize": 1,
    "group": "",
    "cookingBookCategory": "MISC",
    "xpReward": 0.0,
    "cookingTime": 200,
    "craftingBookCategory": "MISC",
    "recipeShapeless": false,
    "recipeSlots": [
      {
        "value": "CUSTOM:Bsmceskullblock"
      },
      {
        "value": "CUSTOM:Bsmcemeteoriteshard"
      },
      {
        "value": "CUSTOM:Bsmceskullblock"
      },
      {
        "value": "CUSTOM:Bsmcemeteoriteshard"
      },
      {
        "value": "CUSTOM:Bsmceflameofcosmicforge"
      },
      {
        "value": "CUSTOM:Bsmcemeteoriteshard"
      },
      {
        "value": "CUSTOM:Bsmceskullblock"
      },
      {
        "value": "CUSTOM:Bsmcemeteoriteshard"
      },
      {
        "value": "CUSTOM:Bsmceskullblock"
      }
    ],
    "recipeReturnStack": {
      "value": "CUSTOM:Bsmcehell"
    },
    "name": "bsmcereactivemeteoriteshardrecipe",
    "namespace": "mod"
  }
}