{
  "_fv": 57,
  "_type": "command",
  "definition": {
    "commandName": "rpgexpansion",
    "type": "STANDARD",
    "permissionLevel": "No requirement",
    "argsxml": "<xml xmlns=\"https://developers.google.com/blockly/xml\"><block type=\"args_start\" deletable=\"false\" x=\"40\" y=\"40\"><next><block type=\"string\"><field name=\"type\">word</field><field name=\"name\">mana</field><statement name=\"args\"><block type=\"string\"><field name=\"type\">word</field><field name=\"name\">set</field><statement name=\"args\"><block type=\"number_min\"><field name=\"name\">Amount</field><field name=\"min\">0</field><statement name=\"args\"><block type=\"entity\"><field name=\"name\">Player</field><field name=\"type\">player</field><statement name=\"args\"><block type=\"call_procedure\"><field name=\"procedure\">Bsmcecommandmanaset</field></block></statement></block></statement></block></statement><next><block type=\"string\"><field name=\"type\">word</field><field name=\"name\">max</field><statement name=\"args\"><block type=\"string\"><field name=\"type\">word</field><field name=\"name\">set</field><statement name=\"args\"><block type=\"number_min\"><field name=\"name\">Amount</field><field name=\"min\">0</field><statement name=\"args\"><block type=\"entity\"><field name=\"name\">Player</field><field name=\"type\">player</field><statement name=\"args\"><block type=\"call_procedure\"><field name=\"procedure\">Bsmcecommandmanamaxset</field></block></statement></block></statement></block></statement></block></statement></block></next></block></statement></block></next></block></xml>"
  }
}