{
  "_fv": 57,
  "_type": "musicdisc",
  "definition": {
    "name": "New Grounds",
    "rarity": "COMMON",
    "texture": "bsmce_music_disc_1_texture",
    "description": "New Grounds - TEGEKiTE",
    "creativeTab": {
      "value": "CUSTOM:Bsmceitems"
    },
    "specialInformation": {
      "fixedValue": []
    },
    "glowCondition": {
      "fixedValue": false
    },
    "music": {
      "value": "CUSTOM:bsmce_new_grounds_soundtrack"
    },
    "lengthInTicks": 3900,
    "analogOutput": 7
  }
}