{
  "_fv": 57,
  "_type": "tool",
  "definition": {
    "toolType": "Sword",
    "renderType": 1,
    "blockingRenderType": 0,
    "texture": "bsmce_crystal_sword",
    "customModelName": "bsmce_crystal_sword_model:default",
    "blockingModelName": "Normal blocking",
    "name": "Crystal Sword",
    "specialInformation": {
      "fixedValue": []
    },
    "creativeTab": {
      "value": "CUSTOM:Bsmceweapons"
    },
    "harvestLevel": 1,
    "efficiency": 4.0,
    "attackSpeed": 1.5,
    "enchantability": 13,
    "damageVsEntity": 8.0,
    "usageCount": 1900,
    "blocksAffected": [],
    "glowCondition": {
      "fixedValue": false
    },
    "repairItems": [
      {
        "value": "CUSTOM:Bsmceunobtaniumingot"
      }
    ],
    "immuneToFire": false,
    "stayInGridWhenCrafting": false,
    "damageOnCrafting": false
  }
}