{
  "_fv": 57,
  "_type": "musicdisc",
  "definition": {
    "name": "The Setting Sun",
    "rarity": "COMMON",
    "texture": "bsmce_music_disc_2_texture",
    "description": "The Setting Sun - TEGEKiTE",
    "creativeTab": {
      "value": "CUSTOM:Bsmceitems"
    },
    "specialInformation": {
      "fixedValue": []
    },
    "glowCondition": {
      "fixedValue": false
    },
    "music": {
      "value": "CUSTOM:bsmce_the_setting_sun_soundtrack"
    },
    "lengthInTicks": 5200,
    "analogOutput": 7
  }
}