{
  "_fv": 57,
  "_type": "recipe",
  "definition": {
    "recipeType": "Crafting",
    "recipeRetstackSize": 1,
    "group": "",
    "cookingBookCategory": "MISC",
    "xpReward": 0.0,
    "cookingTime": 200,
    "craftingBookCategory": "EQUIPMENT",
    "recipeShapeless": false,
    "recipeSlots": [
      {
        "value": "Blocks.ICE"
      },
      {
        "value": "Blocks.ICE"
      },
      {
        "value": "Blocks.ICE"
      },
      {
        "value": "Blocks.ICE"
      },
      {
        "value": "CUSTOM:Bsmcebattleaxe"
      },
      {
        "value": "Blocks.ICE"
      },
      {
        "value": "Blocks.ICE"
      },
      {
        "value": "Blocks.ICE"
      },
      {
        "value": "Blocks.ICE"
      }
    ],
    "recipeReturnStack": {
      "value": "CUSTOM:Bsmceiceaxe"
    },
    "name": "bsmceiceaxerecipe",
    "namespace": "mod"
  }
}