{
  "display": {
    "background": "minecraft:textures/block/stone.png",
    "icon": {
      "item": "minecraft:stone"
    },
    "title": {
      "translate": "advancements.bsmcehasphoenixsword.title"
    },
    "description": {
      "translate": "advancements.bsmcehasphoenixsword.descr"
    },
    "frame": "goal",
    "show_toast": false,
    "announce_to_chat": true,
    "hidden": true
  },
  "criteria": {
    "bsmcehasphoenixsword": {
      "trigger": "minecraft:inventory_changed",
      "conditions": {
        "items": [
          {
            "items": [
              "bs_mc_edition:bsmcephoenixsword"
            ],
            "count": {
              "min": 1,
              "max": 1
            }
          }
        ]
      }
    }
  }
}