{
  "_fv": 57,
  "_type": "achievement",
  "definition": {
    "achievementName": "The skies above",
    "achievementDescription": "Enter the forgotten realm above the clouds",
    "achievementIcon": {
      "value": "CUSTOM:Bsmceflameofcosmicforge"
    },
    "background": "Default",
    "disableDisplay": false,
    "showPopup": false,
    "announceToChat": true,
    "hideIfNotCompleted": false,
    "rewardLoot": [],
    "rewardRecipes": [],
    "rewardFunction": "No function",
    "rewardXP": 0,
    "achievementType": "goal",
    "parent": {
      "value": "CUSTOM:Bsmceforgottenstoneachievement"
    },
    "triggerxml": "<xml xmlns=\"https://developers.google.com/blockly/xml\"><block type=\"dimension_entered\" x=\"50\" y=\"44\"><field name=\"dimension\">CUSTOM:Bsmceforgottensky</field><next><block type=\"advancement_trigger\" deletable=\"false\"></block></next></block></xml>"
  }
}