{
  "_fv": 57,
  "_type": "recipe",
  "definition": {
    "recipeType": "Crafting",
    "recipeRetstackSize": 1,
    "group": "",
    "cookingBookCategory": "MISC",
    "xpReward": 0.0,
    "cookingTime": 200,
    "craftingBookCategory": "EQUIPMENT",
    "recipeShapeless": false,
    "recipeSlots": [
      {
        "value": "CUSTOM:Bsmceamber"
      },
      {
        "value": "CUSTOM:Bsmceamber"
      },
      {
        "value": "CUSTOM:Bsmceamber"
      },
      {
        "value": "CUSTOM:Bsmceamber"
      },
      {
        "value": "CUSTOM:Bsmceelectrite"
      },
      {
        "value": "CUSTOM:Bsmceamber"
      },
      {
        "value": "CUSTOM:Bsmceamber"
      },
      {
        "value": "CUSTOM:Bsmceunobtaniumingot"
      },
      {
        "value": "CUSTOM:Bsmceamber"
      }
    ],
    "recipeReturnStack": {
      "value": "CUSTOM:Bsmceamberarmor.legs"
    },
    "name": "bsmceamberpantsrecipe",
    "namespace": "mod"
  }
}