{
  "_fv": 57,
  "_type": "tool",
  "definition": {
    "toolType": "Sword",
    "renderType": 0,
    "blockingRenderType": 0,
    "texture": "bsmce_magic_staff_red",
    "customModelName": "Normal",
    "blockingModelName": "Normal blocking",
    "name": "Magic Staff",
    "specialInformation": {
      "fixedValue": []
    },
    "creativeTab": {
      "value": "CUSTOM:Bsmceweapons"
    },
    "harvestLevel": 1,
    "efficiency": 4.0,
    "attackSpeed": 1.3,
    "enchantability": 2,
    "damageVsEntity": 0.5,
    "usageCount": 6,
    "blocksAffected": [],
    "glowCondition": {
      "fixedValue": false
    },
    "repairItems": [],
    "immuneToFire": false,
    "stayInGridWhenCrafting": false,
    "damageOnCrafting": false
  }
}