{
  "_fv": 57,
  "_type": "achievement",
  "definition": {
    "achievementName": "Aragog",
    "achievementDescription": "Slay Aragog",
    "achievementIcon": {
      "value": "Items.SPIDER_EYE"
    },
    "background": "Default",
    "disableDisplay": false,
    "showPopup": true,
    "announceToChat": true,
    "hideIfNotCompleted": false,
    "rewardLoot": [],
    "rewardRecipes": [],
    "rewardFunction": "No function",
    "rewardXP": 0,
    "achievementType": "goal",
    "parent": {
      "value": "story/root"
    },
    "triggerxml": "<xml xmlns=\"https://developers.google.com/blockly/xml\"><block type=\"custom_trigger\" x=\"47\" y=\"48\"><next><block type=\"advancement_trigger\" deletable=\"false\"></block></next></block></xml>"
  }
}