{
  "_fv": 57,
  "_type": "biome",
  "definition": {
    "name": "Hell",
    "groundBlock": {
      "value": "Blocks.NETHERRACK"
    },
    "undergroundBlock": {
      "value": "Blocks.NETHERRACK"
    },
    "underwaterBlock": {
      "value": "Blocks.NETHERRACK"
    },
    "grassColor": {
      "value": -10527657,
      "falpha": 0.0
    },
    "foliageColor": {
      "value": -10066330,
      "falpha": 0.0
    },
    "ambientSound": {
      "value": "ambient.basalt_deltas.loop"
    },
    "additionsSound": {
      "value": "ambient.basalt_deltas.additions"
    },
    "music": {
      "value": ""
    },
    "moodSound": {
      "value": "ambient.basalt_deltas.mood"
    },
    "moodSoundDelay": 6000,
    "spawnParticles": true,
    "particleToSpawn": {
      "value": "SMOKE_NORMAL"
    },
    "particlesProbability": 0.1,
    "rainingPossibility": 0.0,
    "temperature": 2.0,
    "spawnBiome": false,
    "spawnInCaves": false,
    "spawnBiomeNether": false,
    "genTemperature": {
      "min": 1.0,
      "max": 1.0001
    },
    "genHumidity": {
      "min": 0.4999,
      "max": 0.5
    },
    "genContinentalness": {
      "min": 0.07,
      "max": 0.1
    },
    "genErosion": {
      "min": 0.1,
      "max": 0.2
    },
    "genWeirdness": {
      "min": -1.0,
      "max": 2.0
    },
    "treesPerChunk": 1,
    "vanillaTreeType": "Default",
    "treeType": 0,
    "minHeight": 7,
    "treeStem": {
      "value": ""
    },
    "treeBranch": {
      "value": ""
    },
    "treeVines": {
      "value": ""
    },
    "treeFruits": {
      "value": ""
    },
    "defaultFeatures": [
      "Caves",
      "Ores",
      "Fossils"
    ],
    "spawnStronghold": false,
    "spawnMineshaft": false,
    "spawnMineshaftMesa": false,
    "spawnPillagerOutpost": false,
    "villageType": "none",
    "spawnWoodlandMansion": false,
    "spawnJungleTemple": false,
    "spawnDesertPyramid": false,
    "spawnSwampHut": false,
    "spawnIgloo": false,
    "spawnOceanMonument": false,
    "spawnShipwreck": false,
    "spawnShipwreckBeached": false,
    "spawnBuriedTreasure": false,
    "oceanRuinType": "NONE",
    "spawnNetherBridge": false,
    "spawnNetherFossil": true,
    "spawnBastionRemnant": false,
    "spawnEndCity": false,
    "spawnRuinedPortal": "NETHER",
    "spawnEntries": [
      {
        "entity": {
          "value": "CUSTOM:Bsmcedarkknight"
        },
        "minGroup": 4,
        "maxGroup": 10,
        "weight": 100,
        "spawnType": "monster"
      },
      {
        "entity": {
          "value": "CUSTOM:Bsmcedarkslasher"
        },
        "minGroup": 4,
        "maxGroup": 10,
        "weight": 20,
        "spawnType": "monster"
      }
    ]
  }
}