{
  "parent": "block/cube",
  "textures": {
    "down": "bs_mc_edition:block/bsmce_sapphire_ore_deepslate_top",
    "up": "bs_mc_edition:block/bsmce_sapphire_ore_deepslate_top",
    "north": "bs_mc_edition:block/bsmce_sapphire_ore_deepslate_side",
    "east": "bs_mc_edition:block/bsmce_sapphire_ore_deepslate_side",
    "south": "bs_mc_edition:block/bsmce_sapphire_ore_deepslate_side",
    "west": "bs_mc_edition:block/bsmce_sapphire_ore_deepslate_side",
    "particle": "bs_mc_edition:block/bsmce_sapphire_ore_deepslate_top"
  },
  "render_type": "solid"
}