{
  "_fv": 57,
  "_type": "achievement",
  "definition": {
    "achievementName": "World Breaker",
    "achievementDescription": "Wield Angelic Sword and Phoenix Sword at the same time",
    "achievementIcon": {
      "value": "CUSTOM:Bsmceflameofcosmicforge"
    },
    "background": "Default",
    "disableDisplay": false,
    "showPopup": true,
    "announceToChat": true,
    "hideIfNotCompleted": false,
    "rewardLoot": [],
    "rewardRecipes": [],
    "rewardFunction": "No function",
    "rewardXP": 100,
    "achievementType": "challenge",
    "parent": {
      "value": "story/root"
    },
    "triggerxml": "<xml xmlns=\"https://developers.google.com/blockly/xml\"><block type=\"custom_trigger\" x=\"37\" y=\"51\"><next><block type=\"advancement_trigger\" deletable=\"false\"></block></next></block></xml>"
  }
}