{
  "_fv": 57,
  "_type": "biome",
  "definition": {
    "name": "Forgotten Sky - Plains",
    "groundBlock": {
      "value": "Blocks.GRASS"
    },
    "undergroundBlock": {
      "value": "Blocks.DIRT#0"
    },
    "underwaterBlock": {
      "value": "Blocks.SAND#0"
    },
    "grassColor": {
      "value": -9709705,
      "falpha": 0.0
    },
    "foliageColor": {
      "value": -9709705,
      "falpha": 0.0
    },
    "waterColor": {
      "value": -13781044,
      "falpha": 0.0
    },
    "waterFogColor": {
      "value": -13781044,
      "falpha": 0.0
    },
    "ambientSound": {
      "value": ""
    },
    "additionsSound": {
      "value": ""
    },
    "music": {
      "value": ""
    },
    "moodSound": {
      "value": ""
    },
    "moodSoundDelay": 6000,
    "spawnParticles": false,
    "particleToSpawn": {
      "value": "EXPLOSION_NORMAL"
    },
    "particlesProbability": 0.5,
    "rainingPossibility": 0.5,
    "temperature": 0.5,
    "spawnBiome": false,
    "spawnInCaves": false,
    "spawnBiomeNether": false,
    "genTemperature": {
      "min": -0.5,
      "max": 0.5
    },
    "genHumidity": {
      "min": -0.5,
      "max": 0.5
    },
    "genContinentalness": {
      "min": 0.0,
      "max": 1.0
    },
    "genErosion": {
      "min": 0.1,
      "max": 0.5
    },
    "genWeirdness": {
      "min": -1.0,
      "max": 2.0
    },
    "treesPerChunk": 1,
    "vanillaTreeType": "Default",
    "treeType": 0,
    "minHeight": 7,
    "treeStem": {
      "value": ""
    },
    "treeBranch": {
      "value": ""
    },
    "treeVines": {
      "value": ""
    },
    "treeFruits": {
      "value": ""
    },
    "defaultFeatures": [
      "Caves",
      "Ores"
    ],
    "spawnStronghold": false,
    "spawnMineshaft": false,
    "spawnMineshaftMesa": false,
    "spawnPillagerOutpost": false,
    "villageType": "none",
    "spawnWoodlandMansion": false,
    "spawnJungleTemple": false,
    "spawnDesertPyramid": false,
    "spawnSwampHut": false,
    "spawnIgloo": false,
    "spawnOceanMonument": false,
    "spawnShipwreck": false,
    "spawnShipwreckBeached": false,
    "spawnBuriedTreasure": false,
    "oceanRuinType": "NONE",
    "spawnNetherBridge": false,
    "spawnNetherFossil": false,
    "spawnBastionRemnant": false,
    "spawnEndCity": false,
    "spawnRuinedPortal": "STANDARD",
    "spawnEntries": [
      {
        "entity": {
          "value": "EntitySheep"
        },
        "minGroup": 2,
        "maxGroup": 5,
        "weight": 20,
        "spawnType": "creature"
      },
      {
        "entity": {
          "value": "EntityChicken"
        },
        "minGroup": 2,
        "maxGroup": 5,
        "weight": 20,
        "spawnType": "creature"
      },
      {
        "entity": {
          "value": "EntityPig"
        },
        "minGroup": 2,
        "maxGroup": 5,
        "weight": 20,
        "spawnType": "creature"
      },
      {
        "entity": {
          "value": "EntityCow"
        },
        "minGroup": 2,
        "maxGroup": 5,
        "weight": 20,
        "spawnType": "creature"
      }
    ]
  }
}