{
  "_fv": 57,
  "_type": "dimension",
  "definition": {
    "biomesInDimension": [
      {
        "value": "CUSTOM:Bsmceforgottenskyplains"
      },
      {
        "value": "CUSTOM:Bsmceforgottenskyforest"
      }
    ],
    "worldGenType": "End like gen",
    "mainFillerBlock": {
      "value": "Blocks.STONE#0"
    },
    "fluidBlock": {
      "value": "Blocks.FLOWING_WATER"
    },
    "canRespawnHere": true,
    "hasFog": false,
    "isDark": false,
    "doesWaterVaporize": false,
    "sleepResult": "ALLOW",
    "hasSkyLight": true,
    "imitateOverworldBehaviour": true,
    "portalFrame": {
      "value": "CUSTOM:Bsmceforgottenstone"
    },
    "portalParticles": {
      "value": "PORTAL"
    },
    "portalLuminance": 0,
    "portalSound": {
      "value": "block.portal.ambient"
    },
    "enableIgniter": true,
    "igniterName": "Igniter",
    "specialInformation": {
      "fixedValue": []
    },
    "igniterTab": {
      "value": "CUSTOM:Bsmceitems"
    },
    "texture": "bsmce_electrite",
    "portalTexture": "bsmce_cryptonite_ore",
    "enablePortal": true
  }
}