{
  "_fv": 57,
  "_type": "projectile",
  "definition": {
    "projectileItem": {
      "value": "CUSTOM:Bsmceelectrite"
    },
    "showParticles": false,
    "actionSound": {
      "value": ""
    },
    "igniteFire": false,
    "power": 1.0,
    "damage": 5.0,
    "knockback": 1,
    "entityModel": "Default",
    "customModelTexture": "",
    "onHitsBlock": {
      "name": "Bsmcemagicstaffprojectileexplode"
    },
    "onHitsEntity": {
      "name": "Bsmcemagicstaffprojectileexplode"
    },
    "onFlyingTick": {
      "name": "BsmcemagicstaffprojectileWhileProjectileFlyingTick"
    }
  }
}