{
  "type": "minecraft:ore",
  "config": {
    "size": 4,
    "discard_chance_on_air_exposure": 0,
    "targets": [
      {
        "target": {
          "predicate_type": "tag_match",
          "tag": "stone_ore_replaceables"
        },
        "state": {
          "Name": "bs_mc_edition:bsmcesapphireoredeepslate"
        }
      },
      {
        "target": {
          "predicate_type": "tag_match",
          "tag": "minecraft:stone"
        },
        "state": {
          "Name": "bs_mc_edition:bsmcesapphireoredeepslate"
        }
      },
      {
        "target": {
          "predicate_type": "blockstate_match",
          "block_state": {
            "Name": "minecraft:deepslate",
            "Properties": {
              "axis": "y"
            }
          }
        },
        "state": {
          "Name": "bs_mc_edition:bsmcesapphireoredeepslate"
        }
      }
    ]
  }
}