{
  "display": {
    "icon": {
      "item": "rpg_expansion:bsmceskullblock"
    },
    "title": {
      "translate": "advancements.bsmcedarkbosskillachievement.title"
    },
    "description": {
      "translate": "advancements.bsmcedarkbosskillachievement.descr"
    },
    "frame": "goal",
    "show_toast": true,
    "announce_to_chat": true,
    "hidden": false
  },
  "criteria": {
    "bsmcedarkbosskillachievement": {
      "trigger": "minecraft:impossible"
    }
  },
  "parent": "rpg_expansion:bsmcebossesroot"
}