{
  "display": {
    "background": "minecraft:textures/block/stone.png",
    "icon": {
      "item": "rpg_expansion:bsmceflameofcosmicforge"
    },
    "title": {
      "translate": "advancements.bsmceflameofcosmicforgeachievement.title"
    },
    "description": {
      "translate": "advancements.bsmceflameofcosmicforgeachievement.descr"
    },
    "frame": "challenge",
    "show_toast": true,
    "announce_to_chat": true,
    "hidden": true
  },
  "criteria": {
    "bsmceflameofcosmicforgeachievement": {
      "trigger": "minecraft:inventory_changed",
      "conditions": {
        "items": [
          {
            "items": [
              "rpg_expansion:bsmceflameofcosmicforge"
            ],
            "count": {
              "min": 1,
              "max": 1
            }
          }
        ]
      }
    }
  },
  "rewards": {
    "experience": 100
  }
}