{
  "_fv": 57,
  "_type": "achievement",
  "definition": {
    "achievementName": "Dark Boss",
    "achievementDescription": "Skeleton king found in the nether realm",
    "achievementIcon": {
      "value": "CUSTOM:Bsmceskullblock"
    },
    "background": "Default",
    "disableDisplay": false,
    "showPopup": true,
    "announceToChat": true,
    "hideIfNotCompleted": false,
    "rewardLoot": [],
    "rewardRecipes": [],
    "rewardFunction": "No function",
    "rewardXP": 0,
    "achievementType": "goal",
    "parent": {
      "value": "CUSTOM:Bsmcebossesroot"
    },
    "triggerxml": "<xml xmlns=\"https://developers.google.com/blockly/xml\"><block type=\"custom_trigger\" x=\"47\" y=\"48\"><next><block type=\"advancement_trigger\" deletable=\"false\"></block></next></block></xml>"
  }
}