{
  "_fv": 57,
  "_type": "achievement",
  "definition": {
    "achievementName": "Maxium Potential",
    "achievementDescription": "Reach the maxium potential of your mana reserves",
    "achievementIcon": {
      "value": "CUSTOM:Bsmcemanapotion"
    },
    "background": "Default",
    "disableDisplay": false,
    "showPopup": true,
    "announceToChat": true,
    "hideIfNotCompleted": false,
    "rewardLoot": [],
    "rewardRecipes": [],
    "rewardFunction": "No function",
    "rewardXP": 10,
    "achievementType": "challenge",
    "parent": {
      "value": "CUSTOM:Bsmceachievementroot"
    },
    "triggerxml": "<xml xmlns=\"https://developers.google.com/blockly/xml\"><block type=\"custom_trigger\" x=\"38\" y=\"54\"><next><block type=\"advancement_trigger\" deletable=\"false\"></block></next></block></xml>"
  }
}