{
  "_fv": 57,
  "_type": "achievement",
  "definition": {
    "achievementName": "Forgotten Stone",
    "achievementDescription": "Forgotten stone, used to create the portal to the skies above",
    "achievementIcon": {
      "value": "CUSTOM:Bsmceforgottenstone"
    },
    "background": "Default",
    "disableDisplay": false,
    "showPopup": false,
    "announceToChat": true,
    "hideIfNotCompleted": false,
    "rewardLoot": [],
    "rewardRecipes": [],
    "rewardFunction": "No function",
    "rewardXP": 0,
    "achievementType": "task",
    "parent": {
      "value": "CUSTOM:Bsmceachievementroot"
    },
    "triggerxml": "<xml xmlns=\"https://developers.google.com/blockly/xml\"><block type=\"item_in_inventory\" x=\"52\" y=\"30\"><value name=\"amount_l\"><block type=\"math_number\"><field name=\"NUM\">1</field></block></value><value name=\"amount_h\"><block type=\"math_number\"><field name=\"NUM\">1</field></block></value><value name=\"item\"><block type=\"mcitem_all\"><field name=\"value\">CUSTOM:Bsmceforgottenstone</field></block></value><next><block type=\"advancement_trigger\" deletable=\"false\"></block></next></block></xml>"
  }
}