{
  "_fv": 57,
  "_type": "recipe",
  "definition": {
    "recipeType": "Blasting",
    "recipeRetstackSize": 1,
    "group": "",
    "cookingBookCategory": "MISC",
    "xpReward": 1.0,
    "cookingTime": 200,
    "craftingBookCategory": "MISC",
    "recipeShapeless": false,
    "blastingInputStack": {
      "value": "CUSTOM:Bsmceunobtanium"
    },
    "blastingReturnStack": {
      "value": "CUSTOM:Bsmceunobtaniumingot"
    },
    "name": "bsmceunobtaniumingotblastfurnacerecipe",
    "namespace": "mod"
  }
}