{
  "_fv": 57,
  "_type": "item",
  "definition": {
    "renderType": 0,
    "texture": "bsmce_mana_potion",
    "customModelName": "Normal",
    "customProperties": {},
    "states": [],
    "name": "Potion of Mana",
    "rarity": "COMMON",
    "creativeTab": {
      "value": "CUSTOM:Bsmceitems"
    },
    "stackSize": 1,
    "enchantability": 0,
    "useDuration": 32,
    "toolType": 1.0,
    "damageCount": 0,
    "recipeRemainder": {
      "value": ""
    },
    "destroyAnyBlock": false,
    "immuneToFire": false,
    "stayInGridWhenCrafting": false,
    "damageOnCrafting": false,
    "enableMeleeDamage": false,
    "damageVsEntity": 0.0,
    "specialInformation": {
      "fixedValue": []
    },
    "glowCondition": {
      "fixedValue": false
    },
    "guiBoundTo": "<NONE>",
    "inventorySize": 9,
    "inventoryStackSize": 64,
    "onFinishUsingItem": {
      "name": "BsmcemanapotionPlayerFinishesUsingItem"
    },
    "enableRanged": false,
    "shootConstantly": false,
    "projectile": {
      "value": "CUSTOM:Bsmcemagicstaffprojectile"
    },
    "isFood": true,
    "nutritionalValue": 0,
    "saturation": 0.0,
    "eatResultItem": {
      "value": "Items.GLASS_BOTTLE"
    },
    "isMeat": false,
    "isAlwaysEdible": true,
    "animation": "drink"
  }
}