{
  "credit": "Made with Blockbench",
  "texture_size": [
    32,
    32
  ],
  "elements": [
    {
      "from": [
        7.6,
        2,
        7.6
      ],
      "to": [
        8.4,
        9,
        8.4
      ],
      "rotation": {
        "angle": 0,
        "axis": "y",
        "origin": [
          8.5,
          -2,
          8.5
        ]
      },
      "faces": {
        "north": {
          "uv": [
            9.5,
            0,
            10,
            3.5
          ],
          "texture": "#0"
        },
        "east": {
          "uv": [
            9.5,
            3.5,
            10,
            7
          ],
          "texture": "#0"
        },
        "south": {
          "uv": [
            10,
            0,
            10.5,
            3.5
          ],
          "texture": "#0"
        },
        "west": {
          "uv": [
            10,
            3.5,
            10.5,
            7
          ],
          "texture": "#0"
        },
        "up": {
          "uv": [
            12.5,
            8,
            12,
            7.5
          ],
          "texture": "#0"
        },
        "down": {
          "uv": [
            13.5,
            7,
            13,
            7.5
          ],
          "texture": "#0"
        }
      }
    },
    {
      "from": [
        7.5,
        9,
        6.6
      ],
      "to": [
        8.5,
        14,
        8.9
      ],
      "rotation": {
        "angle": 0,
        "axis": "y",
        "origin": [
          8.5,
          5,
          8.5
        ]
      },
      "faces": {
        "north": {
          "uv": [
            0,
            5.5,
            0.5,
            8
          ],
          "texture": "#0"
        },
        "east": {
          "uv": [
            0,
            3,
            1,
            5.5
          ],
          "texture": "#0"
        },
        "south": {
          "uv": [
            5.5,
            0,
            6,
            2.5
          ],
          "texture": "#0"
        },
        "west": {
          "uv": [
            1,
            3,
            2,
            5.5
          ],
          "texture": "#0"
        },
        "up": {
          "uv": [
            3,
            6.5,
            2.5,
            5.5
          ],
          "texture": "#0"
        },
        "down": {
          "uv": [
            6,
            2.5,
            5.5,
            3.5
          ],
          "texture": "#0"
        }
      }
    },
    {
      "from": [
        7.5,
        14,
        6.1
      ],
      "to": [
        8.5,
        20,
        9.6
      ],
      "rotation": {
        "angle": 0,
        "axis": "y",
        "origin": [
          8.5,
          10,
          8.5
        ]
      },
      "faces": {
        "north": {
          "uv": [
            5,
            0,
            5.5,
            3
          ],
          "texture": "#0"
        },
        "east": {
          "uv": [
            0,
            0,
            2,
            3
          ],
          "texture": "#0"
        },
        "south": {
          "uv": [
            5,
            3,
            5.5,
            6
          ],
          "texture": "#0"
        },
        "west": {
          "uv": [
            2,
            0,
            4,
            3
          ],
          "texture": "#0"
        },
        "up": {
          "uv": [
            2,
            7.5,
            1.5,
            5.5
          ],
          "texture": "#0"
        },
        "down": {
          "uv": [
            2.5,
            5.5,
            2,
            7.5
          ],
          "texture": "#0"
        }
      }
    },
    {
      "from": [
        7.5,
        24.9,
        7.1
      ],
      "to": [
        8.5,
        26.7,
        7.5
      ],
      "rotation": {
        "angle": 0,
        "axis": "y",
        "origin": [
          8.5,
          17.7,
          7.5
        ]
      },
      "faces": {
        "north": {
          "uv": [
            6.5,
            2,
            7,
            3
          ],
          "texture": "#0"
        },
        "east": {
          "uv": [
            2.5,
            6.5,
            3,
            7.5
          ],
          "texture": "#0"
        },
        "south": {
          "uv": [
            3,
            6.5,
            3.5,
            7.5
          ],
          "texture": "#0"
        },
        "west": {
          "uv": [
            3.5,
            6.5,
            4,
            7.5
          ],
          "texture": "#0"
        },
        "up": {
          "uv": [
            8.5,
            2.5,
            8,
            2
          ],
          "texture": "#0"
        },
        "down": {
          "uv": [
            8.5,
            2.5,
            8,
            3
          ],
          "texture": "#0"
        }
      }
    },
    {
      "from": [
        7.5,
        20,
        6.3
      ],
      "to": [
        8.5,
        25,
        8.2
      ],
      "rotation": {
        "angle": 0,
        "axis": "y",
        "origin": [
          8.5,
          16,
          7.5
        ]
      },
      "faces": {
        "north": {
          "uv": [
            0.5,
            5.5,
            1,
            8
          ],
          "texture": "#0"
        },
        "east": {
          "uv": [
            2,
            3,
            3,
            5.5
          ],
          "texture": "#0"
        },
        "south": {
          "uv": [
            1,
            5.5,
            1.5,
            8
          ],
          "texture": "#0"
        },
        "west": {
          "uv": [
            3,
            3,
            4,
            5.5
          ],
          "texture": "#0"
        },
        "up": {
          "uv": [
            7.5,
            6,
            7,
            5
          ],
          "texture": "#0"
        },
        "down": {
          "uv": [
            6,
            7,
            5.5,
            8
          ],
          "texture": "#0"
        }
      }
    },
    {
      "from": [
        7.6,
        9,
        4.6
      ],
      "to": [
        8.4,
        10,
        6.9
      ],
      "rotation": {
        "angle": -45,
        "axis": "x",
        "origin": [
          8.5,
          10,
          6.5
        ]
      },
      "faces": {
        "north": {
          "uv": [
            7.5,
            7.5,
            8,
            8
          ],
          "texture": "#0"
        },
        "east": {
          "uv": [
            3,
            5.5,
            4,
            6
          ],
          "texture": "#0"
        },
        "south": {
          "uv": [
            0,
            8,
            0.5,
            8.5
          ],
          "texture": "#0"
        },
        "west": {
          "uv": [
            5.5,
            3.5,
            6.5,
            4
          ],
          "texture": "#0"
        },
        "up": {
          "uv": [
            6,
            5,
            5.5,
            4
          ],
          "texture": "#0"
        },
        "down": {
          "uv": [
            6,
            5,
            5.5,
            6
          ],
          "texture": "#0"
        }
      }
    },
    {
      "from": [
        7.5,
        13.4,
        6.7
      ],
      "to": [
        8.5,
        14.4,
        9
      ],
      "rotation": {
        "angle": -45,
        "axis": "x",
        "origin": [
          8.5,
          14.4,
          8.6
        ]
      },
      "faces": {
        "north": {
          "uv": [
            8,
            0.5,
            8.5,
            1
          ],
          "texture": "#0"
        },
        "east": {
          "uv": [
            3,
            6,
            4,
            6.5
          ],
          "texture": "#0"
        },
        "south": {
          "uv": [
            1,
            8,
            1.5,
            8.5
          ],
          "texture": "#0"
        },
        "west": {
          "uv": [
            6,
            3,
            7,
            3.5
          ],
          "texture": "#0"
        },
        "up": {
          "uv": [
            6.5,
            5,
            6,
            4
          ],
          "texture": "#0"
        },
        "down": {
          "uv": [
            5.5,
            6,
            5,
            7
          ],
          "texture": "#0"
        }
      }
    },
    {
      "from": [
        7.5,
        11.8,
        6.4
      ],
      "to": [
        8.5,
        14.1,
        7.4
      ],
      "rotation": {
        "angle": -45,
        "axis": "x",
        "origin": [
          8.5,
          13.7,
          6.4
        ]
      },
      "faces": {
        "north": {
          "uv": [
            6,
            5,
            6.5,
            6
          ],
          "texture": "#0"
        },
        "east": {
          "uv": [
            5.5,
            6,
            6,
            7
          ],
          "texture": "#0"
        },
        "south": {
          "uv": [
            6,
            6,
            6.5,
            7
          ],
          "texture": "#0"
        },
        "west": {
          "uv": [
            6.5,
            1,
            7,
            2
          ],
          "texture": "#0"
        },
        "up": {
          "uv": [
            8.5,
            1.5,
            8,
            1
          ],
          "texture": "#0"
        },
        "down": {
          "uv": [
            8.5,
            1.5,
            8,
            2
          ],
          "texture": "#0"
        }
      }
    },
    {
      "from": [
        7.6,
        18.4,
        7.9
      ],
      "to": [
        8.4,
        19.6,
        9
      ],
      "rotation": {
        "angle": -45,
        "axis": "x",
        "origin": [
          8.5,
          20.2,
          8
        ]
      },
      "faces": {
        "north": {
          "uv": [
            8,
            3,
            8.5,
            3.5
          ],
          "texture": "#0"
        },
        "east": {
          "uv": [
            8,
            3.5,
            8.5,
            4
          ],
          "texture": "#0"
        },
        "south": {
          "uv": [
            4,
            8,
            4.5,
            8.5
          ],
          "texture": "#0"
        },
        "west": {
          "uv": [
            4.5,
            8,
            5,
            8.5
          ],
          "texture": "#0"
        },
        "up": {
          "uv": [
            5.5,
            8.5,
            5,
            8
          ],
          "texture": "#0"
        },
        "down": {
          "uv": [
            8.5,
            5,
            8,
            5.5
          ],
          "texture": "#0"
        }
      }
    },
    {
      "from": [
        7.6,
        13.3,
        8.1
      ],
      "to": [
        8.4,
        14.5,
        9.2
      ],
      "rotation": {
        "angle": -45,
        "axis": "x",
        "origin": [
          8.5,
          15.1,
          8.2
        ]
      },
      "faces": {
        "north": {
          "uv": [
            8.5,
            0,
            9,
            0.5
          ],
          "texture": "#0"
        },
        "east": {
          "uv": [
            0.5,
            8.5,
            1,
            9
          ],
          "texture": "#0"
        },
        "south": {
          "uv": [
            8.5,
            0.5,
            9,
            1
          ],
          "texture": "#0"
        },
        "west": {
          "uv": [
            1,
            8.5,
            1.5,
            9
          ],
          "texture": "#0"
        },
        "up": {
          "uv": [
            9,
            1.5,
            8.5,
            1
          ],
          "texture": "#0"
        },
        "down": {
          "uv": [
            2,
            8.5,
            1.5,
            9
          ],
          "texture": "#0"
        }
      }
    },
    {
      "from": [
        7.7,
        14.1,
        8.9
      ],
      "to": [
        8.3,
        14.7,
        11.1
      ],
      "rotation": {
        "angle": 22.5,
        "axis": "x",
        "origin": [
          8.5,
          14.2,
          8.3
        ]
      },
      "faces": {
        "north": {
          "uv": [
            8.5,
            6,
            9,
            6.5
          ],
          "texture": "#0"
        },
        "east": {
          "uv": [
            7.5,
            4,
            8.5,
            4.5
          ],
          "texture": "#0"
        },
        "south": {
          "uv": [
            6.5,
            8.5,
            7,
            9
          ],
          "texture": "#0"
        },
        "west": {
          "uv": [
            7.5,
            4.5,
            8.5,
            5
          ],
          "texture": "#0"
        },
        "up": {
          "uv": [
            8,
            6,
            7.5,
            5
          ],
          "texture": "#0"
        },
        "down": {
          "uv": [
            8,
            6,
            7.5,
            7
          ],
          "texture": "#0"
        }
      }
    },
    {
      "from": [
        7.7,
        15,
        8
      ],
      "to": [
        8.3,
        16.2,
        9.1
      ],
      "rotation": {
        "angle": -45,
        "axis": "x",
        "origin": [
          8.5,
          16.8,
          8.1
        ]
      },
      "faces": {
        "north": {
          "uv": [
            8.5,
            1.5,
            9,
            2
          ],
          "texture": "#0"
        },
        "east": {
          "uv": [
            2,
            8.5,
            2.5,
            9
          ],
          "texture": "#0"
        },
        "south": {
          "uv": [
            8.5,
            2,
            9,
            2.5
          ],
          "texture": "#0"
        },
        "west": {
          "uv": [
            2.5,
            8.5,
            3,
            9
          ],
          "texture": "#0"
        },
        "up": {
          "uv": [
            9,
            3,
            8.5,
            2.5
          ],
          "texture": "#0"
        },
        "down": {
          "uv": [
            3.5,
            8.5,
            3,
            9
          ],
          "texture": "#0"
        }
      }
    },
    {
      "from": [
        7.6,
        13,
        5.4
      ],
      "to": [
        8.4,
        14.2,
        6.5
      ],
      "rotation": {
        "angle": -45,
        "axis": "x",
        "origin": [
          8.5,
          14.8,
          5.5
        ]
      },
      "faces": {
        "north": {
          "uv": [
            8.5,
            3,
            9,
            3.5
          ],
          "texture": "#0"
        },
        "east": {
          "uv": [
            3.5,
            8.5,
            4,
            9
          ],
          "texture": "#0"
        },
        "south": {
          "uv": [
            8.5,
            3.5,
            9,
            4
          ],
          "texture": "#0"
        },
        "west": {
          "uv": [
            4,
            8.5,
            4.5,
            9
          ],
          "texture": "#0"
        },
        "up": {
          "uv": [
            9,
            4.5,
            8.5,
            4
          ],
          "texture": "#0"
        },
        "down": {
          "uv": [
            5,
            8.5,
            4.5,
            9
          ],
          "texture": "#0"
        }
      }
    },
    {
      "from": [
        7.6,
        18.5,
        5.2
      ],
      "to": [
        8.4,
        19.7,
        6.3
      ],
      "rotation": {
        "angle": -45,
        "axis": "x",
        "origin": [
          8.5,
          20.3,
          5.3
        ]
      },
      "faces": {
        "north": {
          "uv": [
            8.5,
            4.5,
            9,
            5
          ],
          "texture": "#0"
        },
        "east": {
          "uv": [
            5,
            8.5,
            5.5,
            9
          ],
          "texture": "#0"
        },
        "south": {
          "uv": [
            8.5,
            5,
            9,
            5.5
          ],
          "texture": "#0"
        },
        "west": {
          "uv": [
            5.5,
            8.5,
            6,
            9
          ],
          "texture": "#0"
        },
        "up": {
          "uv": [
            9,
            6,
            8.5,
            5.5
          ],
          "texture": "#0"
        },
        "down": {
          "uv": [
            6.5,
            8.5,
            6,
            9
          ],
          "texture": "#0"
        }
      }
    },
    {
      "from": [
        7.5,
        18.8,
        7.5
      ],
      "to": [
        8.5,
        21,
        8.6
      ],
      "rotation": {
        "angle": -45,
        "axis": "x",
        "origin": [
          8.5,
          20.6,
          7.6
        ]
      },
      "faces": {
        "north": {
          "uv": [
            2.5,
            7.5,
            3,
            8.5
          ],
          "texture": "#0"
        },
        "east": {
          "uv": [
            3,
            7.5,
            3.5,
            8.5
          ],
          "texture": "#0"
        },
        "south": {
          "uv": [
            7.5,
            3,
            8,
            4
          ],
          "texture": "#0"
        },
        "west": {
          "uv": [
            3.5,
            7.5,
            4,
            8.5
          ],
          "texture": "#0"
        },
        "up": {
          "uv": [
            8.5,
            8.5,
            8,
            8
          ],
          "texture": "#0"
        },
        "down": {
          "uv": [
            0.5,
            8.5,
            0,
            9
          ],
          "texture": "#0"
        }
      }
    },
    {
      "from": [
        7.5,
        19.9,
        6.6
      ],
      "to": [
        8.5,
        22.1,
        7.7
      ],
      "rotation": {
        "angle": 22.5,
        "axis": "x",
        "origin": [
          8.5,
          21.7,
          6.7
        ]
      },
      "faces": {
        "north": {
          "uv": [
            6.5,
            3.5,
            7,
            4.5
          ],
          "texture": "#0"
        },
        "east": {
          "uv": [
            6.5,
            4.5,
            7,
            5.5
          ],
          "texture": "#0"
        },
        "south": {
          "uv": [
            6.5,
            5.5,
            7,
            6.5
          ],
          "texture": "#0"
        },
        "west": {
          "uv": [
            6.5,
            6.5,
            7,
            7.5
          ],
          "texture": "#0"
        },
        "up": {
          "uv": [
            6,
            8.5,
            5.5,
            8
          ],
          "texture": "#0"
        },
        "down": {
          "uv": [
            8.5,
            5.5,
            8,
            6
          ],
          "texture": "#0"
        }
      }
    },
    {
      "from": [
        7.5,
        24.8,
        7
      ],
      "to": [
        8.5,
        27,
        7.3
      ],
      "rotation": {
        "angle": 22.5,
        "axis": "x",
        "origin": [
          8.5,
          26.6,
          7.1
        ]
      },
      "faces": {
        "north": {
          "uv": [
            7,
            0,
            7.5,
            1
          ],
          "texture": "#0"
        },
        "east": {
          "uv": [
            7,
            1,
            7.5,
            2
          ],
          "texture": "#0"
        },
        "south": {
          "uv": [
            7,
            2,
            7.5,
            3
          ],
          "texture": "#0"
        },
        "west": {
          "uv": [
            7,
            3,
            7.5,
            4
          ],
          "texture": "#0"
        },
        "up": {
          "uv": [
            6.5,
            8.5,
            6,
            8
          ],
          "texture": "#0"
        },
        "down": {
          "uv": [
            8.5,
            6,
            8,
            6.5
          ],
          "texture": "#0"
        }
      }
    },
    {
      "from": [
        7.5,
        24.8,
        7.1
      ],
      "to": [
        8.5,
        26.4,
        7.8
      ],
      "rotation": {
        "angle": 22.5,
        "axis": "x",
        "origin": [
          8.5,
          26.6,
          7.1
        ]
      },
      "faces": {
        "north": {
          "uv": [
            7.5,
            1,
            8,
            2
          ],
          "texture": "#0"
        },
        "east": {
          "uv": [
            1.5,
            7.5,
            2,
            8.5
          ],
          "texture": "#0"
        },
        "south": {
          "uv": [
            2,
            7.5,
            2.5,
            8.5
          ],
          "texture": "#0"
        },
        "west": {
          "uv": [
            7.5,
            2,
            8,
            3
          ],
          "texture": "#0"
        },
        "up": {
          "uv": [
            8,
            8.5,
            7.5,
            8
          ],
          "texture": "#0"
        },
        "down": {
          "uv": [
            8.5,
            7.5,
            8,
            8
          ],
          "texture": "#0"
        }
      }
    },
    {
      "from": [
        7.5,
        24.5,
        7.4
      ],
      "to": [
        8.5,
        26.7,
        7.6
      ],
      "rotation": {
        "angle": -22.5,
        "axis": "x",
        "origin": [
          8.5,
          26.3,
          6.6
        ]
      },
      "faces": {
        "north": {
          "uv": [
            4,
            7,
            4.5,
            8
          ],
          "texture": "#0"
        },
        "east": {
          "uv": [
            7,
            4,
            7.5,
            5
          ],
          "texture": "#0"
        },
        "south": {
          "uv": [
            4.5,
            7,
            5,
            8
          ],
          "texture": "#0"
        },
        "west": {
          "uv": [
            5,
            7,
            5.5,
            8
          ],
          "texture": "#0"
        },
        "up": {
          "uv": [
            7,
            8.5,
            6.5,
            8
          ],
          "texture": "#0"
        },
        "down": {
          "uv": [
            8.5,
            6.5,
            8,
            7
          ],
          "texture": "#0"
        }
      }
    },
    {
      "from": [
        7.5,
        24.5,
        6.9
      ],
      "to": [
        8.5,
        26.1,
        7.5
      ],
      "rotation": {
        "angle": -22.5,
        "axis": "x",
        "origin": [
          8.5,
          26.3,
          6.6
        ]
      },
      "faces": {
        "north": {
          "uv": [
            6,
            7,
            6.5,
            8
          ],
          "texture": "#0"
        },
        "east": {
          "uv": [
            7,
            6,
            7.5,
            7
          ],
          "texture": "#0"
        },
        "south": {
          "uv": [
            7,
            7,
            7.5,
            8
          ],
          "texture": "#0"
        },
        "west": {
          "uv": [
            7.5,
            0,
            8,
            1
          ],
          "texture": "#0"
        },
        "up": {
          "uv": [
            7.5,
            8.5,
            7,
            8
          ],
          "texture": "#0"
        },
        "down": {
          "uv": [
            8.5,
            7,
            8,
            7.5
          ],
          "texture": "#0"
        }
      }
    },
    {
      "from": [
        7.7,
        9.1,
        8.6
      ],
      "to": [
        8.3,
        10,
        10.4
      ],
      "rotation": {
        "angle": 0,
        "axis": "x",
        "origin": [
          8.5,
          10,
          10.5
        ]
      },
      "faces": {
        "north": {
          "uv": [
            8,
            0,
            8.5,
            0.5
          ],
          "texture": "#0"
        },
        "east": {
          "uv": [
            6,
            0,
            7,
            0.5
          ],
          "texture": "#0"
        },
        "south": {
          "uv": [
            0.5,
            8,
            1,
            8.5
          ],
          "texture": "#0"
        },
        "west": {
          "uv": [
            6,
            0.5,
            7,
            1
          ],
          "texture": "#0"
        },
        "up": {
          "uv": [
            6.5,
            2,
            6,
            1
          ],
          "texture": "#0"
        },
        "down": {
          "uv": [
            6.5,
            2,
            6,
            3
          ],
          "texture": "#0"
        }
      }
    }
  ],
  "groups": [
    0,
    {
      "name": "group",
      "origin": [
        8.5,
        -2,
        8.5
      ],
      "color": 0,
      "children": [
        1,
        2,
        3,
        4,
        5,
        6,
        7,
        8,
        9,
        10,
        11,
        12,
        13,
        14,
        15,
        16,
        17,
        18,
        19,
        20
      ]
    }
  ]
}