{
  "parent": "block/cube",
  "textures": {
    "down": "rpg_expansion_forge_1_20_1:block/bsmce_unobtanium_ore",
    "up": "rpg_expansion_forge_1_20_1:block/bsmce_unobtanium_ore",
    "north": "rpg_expansion_forge_1_20_1:block/bsmce_unobtanium_ore",
    "east": "rpg_expansion_forge_1_20_1:block/bsmce_unobtanium_ore",
    "south": "rpg_expansion_forge_1_20_1:block/bsmce_unobtanium_ore",
    "west": "rpg_expansion_forge_1_20_1:block/bsmce_unobtanium_ore",
    "particle": "rpg_expansion_forge_1_20_1:block/bsmce_unobtanium_ore"
  },
  "render_type": "solid"
}