{
  "has_precipitation": true,
  "temperature": 0.5,
  "downfall": 0.5,
  "effects": {
    "foliage_color": -9709705,
    "grass_color": -9709705,
    "sky_color": 7972607,
    "fog_color": 12638463,
    "water_color": -13781044,
    "water_fog_color": -13781044
  },
  "spawners": {
    "monster": [],
    "creature": [
      {
        "type": "cow",
        "weight": 20,
        "minCount": 2,
        "maxCount": 5
      },
      {
        "type": "pig",
        "weight": 20,
        "minCount": 2,
        "maxCount": 5
      },
      {
        "type": "chicken",
        "weight": 20,
        "minCount": 2,
        "maxCount": 5
      },
      {
        "type": "sheep",
        "weight": 20,
        "minCount": 2,
        "maxCount": 5
      }
    ],
    "ambient": [],
    "axolotls": [],
    "underground_water_creature": [],
    "water_creature": [],
    "water_ambient": [],
    "misc": []
  },
  "spawn_costs": {},
  "carvers": {
    "air": [
      "minecraft:cave",
      "minecraft:cave_extra_underground",
      "minecraft:canyon"
    ]
  },
  "features": [
    [],
    [
      "minecraft:lake_lava_underground"
    ],
    [],
    [],
    [],
    [],
    [
      "minecraft:ore_coal_upper",
      "minecraft:ore_coal_lower",
      "minecraft:ore_iron_upper",
      "minecraft:ore_iron_middle",
      "minecraft:ore_iron_small",
      "minecraft:ore_gold",
      "minecraft:ore_gold_lower",
      "minecraft:ore_redstone",
      "minecraft:ore_redstone_lower",
      "minecraft:ore_diamond",
      "minecraft:ore_diamond_large",
      "minecraft:ore_diamond_buried",
      "minecraft:ore_lapis",
      "minecraft:ore_lapis_buried",
      "minecraft:ore_copper",
      "minecraft:underwater_magma"
    ],
    [],
    [],
    [
      "rpg_expansion_forge_1_20_1:bsmceforgottenskyforest_tree"
    ],
    []
  ]
}