{
  "has_precipitation": false,
  "temperature": 2,
  "downfall": 0,
  "effects": {
    "ambient_sound": "ambient.basalt_deltas.loop",
    "mood_sound": {
      "sound": "ambient.basalt_deltas.mood",
      "tick_delay": 6000,
      "offset": 8,
      "block_search_extent": 2
    },
    "additions_sound": {
      "sound": "ambient.basalt_deltas.additions",
      "tick_chance": 0.0111
    },
    "particle": {
      "options": {
        "type": "smoke"
      },
      "probability": 0.001
    },
    "foliage_color": -10066330,
    "grass_color": -10527657,
    "sky_color": 7972607,
    "fog_color": 12638463,
    "water_color": 4159204,
    "water_fog_color": 329011
  },
  "spawners": {
    "monster": [
      {
        "type": "rpg_expansion_forge_1_20_1:bsmcedarkknight",
        "weight": 100,
        "minCount": 4,
        "maxCount": 10
      },
      {
        "type": "rpg_expansion_forge_1_20_1:bsmcedarkslasher",
        "weight": 20,
        "minCount": 4,
        "maxCount": 10
      }
    ],
    "creature": [],
    "ambient": [],
    "axolotls": [],
    "underground_water_creature": [],
    "water_creature": [],
    "water_ambient": [],
    "misc": []
  },
  "spawn_costs": {},
  "carvers": {
    "air": [
      "minecraft:cave",
      "minecraft:cave_extra_underground",
      "minecraft:canyon"
    ]
  },
  "features": [
    [],
    [
      "minecraft:lake_lava_underground"
    ],
    [],
    [
      "minecraft:fossil_upper",
      "minecraft:fossil_lower"
    ],
    [],
    [],
    [
      "minecraft:ore_coal_upper",
      "minecraft:ore_coal_lower",
      "minecraft:ore_iron_upper",
      "minecraft:ore_iron_middle",
      "minecraft:ore_iron_small",
      "minecraft:ore_gold",
      "minecraft:ore_gold_lower",
      "minecraft:ore_redstone",
      "minecraft:ore_redstone_lower",
      "minecraft:ore_diamond",
      "minecraft:ore_diamond_large",
      "minecraft:ore_diamond_buried",
      "minecraft:ore_lapis",
      "minecraft:ore_lapis_buried",
      "minecraft:ore_copper",
      "minecraft:underwater_magma"
    ],
    [],
    [],
    [
      "rpg_expansion_forge_1_20_1:bsmcehellbiome_tree"
    ],
    []
  ]
}