{
  "_fv": 57,
  "_type": "tool",
  "definition": {
    "toolType": "Sword",
    "renderType": 0,
    "blockingRenderType": 0,
    "texture": "bsmce_epic_sword",
    "customModelName": "Normal",
    "blockingModelName": "Normal blocking",
    "name": "Epic Sword",
    "specialInformation": {
      "fixedValue": []
    },
    "creativeTab": {
      "value": "CUSTOM:Bsmceweapons"
    },
    "harvestLevel": 1,
    "efficiency": 4.0,
    "attackSpeed": 0.9,
    "enchantability": 10,
    "damageVsEntity": 13.0,
    "usageCount": 760,
    "blocksAffected": [],
    "glowCondition": {
      "fixedValue": false
    },
    "repairItems": [
      {
        "value": "CUSTOM:Bsmceunobtaniumingot"
      }
    ],
    "immuneToFire": false,
    "stayInGridWhenCrafting": false,
    "damageOnCrafting": false
  }
}