{
  "display": {
    "icon": {
      "item": "rpg_expansion:bsmcemanapotion"
    },
    "title": {
      "translate": "advancements.bsmcemanamaxachievement.title"
    },
    "description": {
      "translate": "advancements.bsmcemanamaxachievement.descr"
    },
    "frame": "challenge",
    "show_toast": true,
    "announce_to_chat": true,
    "hidden": false
  },
  "criteria": {
    "bsmcemanamaxachievement": {
      "trigger": "minecraft:impossible"
    }
  },
  "rewards": {
    "experience": 10
  },
  "parent": "rpg_expansion:bsmceachievementroot"
}