{
  "display": {
    "icon": {
      "item": "rpg_expansion:bsmceforgottenstone"
    },
    "title": {
      "translate": "advancements.bsmceforgottenstoneachievement.title"
    },
    "description": {
      "translate": "advancements.bsmceforgottenstoneachievement.descr"
    },
    "frame": "task",
    "show_toast": false,
    "announce_to_chat": true,
    "hidden": false
  },
  "criteria": {
    "bsmceforgottenstoneachievement": {
      "trigger": "minecraft:inventory_changed",
      "conditions": {
        "items": [
          {
            "items": [
              "rpg_expansion:bsmceforgottenstone"
            ],
            "count": {
              "min": 1,
              "max": 1
            }
          }
        ]
      }
    }
  },
  "parent": "rpg_expansion:bsmceachievementroot"
}