{
  "display": {
    "icon": {
      "item": "rpg_expansion:bsmceangelicsword"
    },
    "title": {
      "translate": "advancements.bsmcehasangelicsword.title"
    },
    "description": {
      "translate": "advancements.bsmcehasangelicsword.descr"
    },
    "frame": "goal",
    "show_toast": false,
    "announce_to_chat": true,
    "hidden": true
  },
  "criteria": {
    "bsmcehasangelicsword": {
      "trigger": "minecraft:inventory_changed",
      "conditions": {
        "items": [
          {
            "items": [
              "rpg_expansion:bsmceangelicsword"
            ],
            "count": {
              "min": 1,
              "max": 1
            }
          }
        ]
      }
    }
  },
  "parent": "rpg_expansion:bsmceelectriteachievement"
}