{
  "credit": "Made with Blockbench",
  "texture_size": [
    32,
    32
  ],
  "elements": [
    {
      "from": [
        7.625,
        25.7,
        7.6
      ],
      "to": [
        8.375,
        29.9,
        9.6
      ],
      "rotation": {
        "angle": 22.5,
        "axis": "x",
        "origin": [
          8.5,
          29.7,
          8.3
        ]
      },
      "faces": {
        "north": {
          "uv": [
            5.5,
            7.5,
            6,
            9.5
          ],
          "texture": "#0"
        },
        "east": {
          "uv": [
            0,
            7.5,
            1,
            9.5
          ],
          "texture": "#0"
        },
        "south": {
          "uv": [
            6,
            7.5,
            6.5,
            9.5
          ],
          "texture": "#0"
        },
        "west": {
          "uv": [
            7.5,
            0,
            8.5,
            2
          ],
          "texture": "#0"
        },
        "up": {
          "uv": [
            9,
            4,
            8.5,
            3
          ],
          "texture": "#0"
        },
        "down": {
          "uv": [
            9,
            4,
            8.5,
            5
          ],
          "texture": "#0"
        }
      }
    },
    {
      "from": [
        7.625,
        13,
        7
      ],
      "to": [
        8.375,
        28.3,
        9
      ],
      "rotation": {
        "angle": 0,
        "axis": "y",
        "origin": [
          8.5,
          -2,
          8.5
        ]
      },
      "faces": {
        "north": {
          "uv": [
            5,
            0,
            5.5,
            7.5
          ],
          "texture": "#0"
        },
        "east": {
          "uv": [
            0,
            0,
            1,
            7.5
          ],
          "texture": "#0"
        },
        "south": {
          "uv": [
            5.5,
            0,
            6,
            7.5
          ],
          "texture": "#0"
        },
        "west": {
          "uv": [
            1,
            0,
            2,
            7.5
          ],
          "texture": "#0"
        },
        "up": {
          "uv": [
            4.5,
            10,
            4,
            9
          ],
          "texture": "#0"
        },
        "down": {
          "uv": [
            9.5,
            4,
            9,
            5
          ],
          "texture": "#0"
        }
      }
    },
    {
      "from": [
        7.625,
        17,
        6.1
      ],
      "to": [
        8.375,
        26.3,
        8.1
      ],
      "rotation": {
        "angle": 0,
        "axis": "y",
        "origin": [
          8.5,
          -2,
          7.5
        ]
      },
      "faces": {
        "north": {
          "uv": [
            7,
            0,
            7.5,
            4.5
          ],
          "texture": "#0"
        },
        "east": {
          "uv": [
            4,
            0,
            5,
            4.5
          ],
          "texture": "#0"
        },
        "south": {
          "uv": [
            7,
            4.5,
            7.5,
            9
          ],
          "texture": "#0"
        },
        "west": {
          "uv": [
            4,
            4.5,
            5,
            9
          ],
          "texture": "#0"
        },
        "up": {
          "uv": [
            5,
            10,
            4.5,
            9
          ],
          "texture": "#0"
        },
        "down": {
          "uv": [
            9.5,
            5,
            9,
            6
          ],
          "texture": "#0"
        }
      }
    },
    {
      "from": [
        7.625,
        14.1,
        7.6
      ],
      "to": [
        8.375,
        29.4,
        9.6
      ],
      "rotation": {
        "angle": 0,
        "axis": "y",
        "origin": [
          8.5,
          1.1,
          9
        ]
      },
      "faces": {
        "north": {
          "uv": [
            6,
            0,
            6.5,
            7.5
          ],
          "texture": "#0"
        },
        "east": {
          "uv": [
            2,
            0,
            3,
            7.5
          ],
          "texture": "#0"
        },
        "south": {
          "uv": [
            6.5,
            0,
            7,
            7.5
          ],
          "texture": "#0"
        },
        "west": {
          "uv": [
            3,
            0,
            4,
            7.5
          ],
          "texture": "#0"
        },
        "up": {
          "uv": [
            10,
            3.5,
            9.5,
            2.5
          ],
          "texture": "#0"
        },
        "down": {
          "uv": [
            10,
            3.5,
            9.5,
            4.5
          ],
          "texture": "#0"
        }
      }
    },
    {
      "from": [
        7.625,
        13.1,
        8.9
      ],
      "to": [
        8.375,
        14.3,
        9.6
      ],
      "rotation": {
        "angle": 22.5,
        "axis": "x",
        "origin": [
          8.5,
          14.1,
          9
        ]
      },
      "faces": {
        "north": {
          "uv": [
            8,
            10,
            8.5,
            10.5
          ],
          "texture": "#0"
        },
        "east": {
          "uv": [
            10,
            8,
            10.5,
            8.5
          ],
          "texture": "#0"
        },
        "south": {
          "uv": [
            8.5,
            10,
            9,
            10.5
          ],
          "texture": "#0"
        },
        "west": {
          "uv": [
            10,
            8.5,
            10.5,
            9
          ],
          "texture": "#0"
        },
        "up": {
          "uv": [
            9.5,
            10.5,
            9,
            10
          ],
          "texture": "#0"
        },
        "down": {
          "uv": [
            10.5,
            9,
            10,
            9.5
          ],
          "texture": "#0"
        }
      }
    },
    {
      "from": [
        7.625,
        14.3,
        6.1
      ],
      "to": [
        8.375,
        17,
        7.1
      ],
      "rotation": {
        "angle": -22.5,
        "axis": "x",
        "origin": [
          8.5,
          17,
          6.1
        ]
      },
      "faces": {
        "north": {
          "uv": [
            8,
            2,
            8.5,
            3.5
          ],
          "texture": "#0"
        },
        "east": {
          "uv": [
            8,
            3.5,
            8.5,
            5
          ],
          "texture": "#0"
        },
        "south": {
          "uv": [
            8,
            5,
            8.5,
            6.5
          ],
          "texture": "#0"
        },
        "west": {
          "uv": [
            8,
            6.5,
            8.5,
            8
          ],
          "texture": "#0"
        },
        "up": {
          "uv": [
            10,
            8,
            9.5,
            7.5
          ],
          "texture": "#0"
        },
        "down": {
          "uv": [
            8.5,
            9.5,
            8,
            10
          ],
          "texture": "#0"
        }
      }
    },
    {
      "from": [
        7.5,
        13,
        7.5
      ],
      "to": [
        8.5,
        21,
        8.5
      ],
      "rotation": {
        "angle": 0,
        "axis": "y",
        "origin": [
          8.5,
          -2,
          8.5
        ]
      },
      "faces": {
        "north": {
          "uv": [
            1,
            7.5,
            1.5,
            11.5
          ],
          "texture": "#0"
        },
        "east": {
          "uv": [
            1.5,
            7.5,
            2,
            11.5
          ],
          "texture": "#0"
        },
        "south": {
          "uv": [
            2,
            7.5,
            2.5,
            11.5
          ],
          "texture": "#0"
        },
        "west": {
          "uv": [
            7.5,
            2,
            8,
            6
          ],
          "texture": "#0"
        },
        "up": {
          "uv": [
            10,
            7.5,
            9.5,
            7
          ],
          "texture": "#0"
        },
        "down": {
          "uv": [
            8,
            9.5,
            7.5,
            10
          ],
          "texture": "#0"
        }
      }
    },
    {
      "from": [
        7.6,
        11,
        7.6
      ],
      "to": [
        8.4,
        13,
        8.4
      ],
      "rotation": {
        "angle": 45,
        "axis": "y",
        "origin": [
          8,
          -2,
          8
        ]
      },
      "faces": {
        "north": {
          "uv": [
            9,
            0,
            9.5,
            1
          ],
          "texture": "#0"
        },
        "east": {
          "uv": [
            9,
            1,
            9.5,
            2
          ],
          "texture": "#0"
        },
        "south": {
          "uv": [
            9,
            2,
            9.5,
            3
          ],
          "texture": "#0"
        },
        "west": {
          "uv": [
            9,
            3,
            9.5,
            4
          ],
          "texture": "#0"
        },
        "up": {
          "uv": [
            6,
            10,
            5.5,
            9.5
          ],
          "texture": "#0"
        },
        "down": {
          "uv": [
            10,
            5.5,
            9.5,
            6
          ],
          "texture": "#0"
        }
      }
    },
    {
      "from": [
        7.45,
        9,
        7.45
      ],
      "to": [
        8.55,
        11,
        8.55
      ],
      "rotation": {
        "angle": 45,
        "axis": "y",
        "origin": [
          8,
          -2,
          8
        ]
      },
      "faces": {
        "north": {
          "uv": [
            8.5,
            5,
            9,
            6
          ],
          "texture": "#0"
        },
        "east": {
          "uv": [
            8.5,
            6,
            9,
            7
          ],
          "texture": "#0"
        },
        "south": {
          "uv": [
            8.5,
            7,
            9,
            8
          ],
          "texture": "#0"
        },
        "west": {
          "uv": [
            8.5,
            8,
            9,
            9
          ],
          "texture": "#0"
        },
        "up": {
          "uv": [
            10,
            5,
            9.5,
            4.5
          ],
          "texture": "#0"
        },
        "down": {
          "uv": [
            10,
            5,
            9.5,
            5.5
          ],
          "texture": "#0"
        }
      }
    },
    {
      "from": [
        7.6,
        2,
        7.6
      ],
      "to": [
        8.4,
        9,
        8.4
      ],
      "rotation": {
        "angle": 0,
        "axis": "y",
        "origin": [
          8.5,
          -2,
          8.5
        ]
      },
      "faces": {
        "north": {
          "uv": [
            2.5,
            7.5,
            3,
            11
          ],
          "texture": "#0"
        },
        "east": {
          "uv": [
            3,
            7.5,
            3.5,
            11
          ],
          "texture": "#0"
        },
        "south": {
          "uv": [
            3.5,
            7.5,
            4,
            11
          ],
          "texture": "#0"
        },
        "west": {
          "uv": [
            5,
            7.5,
            5.5,
            11
          ],
          "texture": "#0"
        },
        "up": {
          "uv": [
            6.5,
            10,
            6,
            9.5
          ],
          "texture": "#0"
        },
        "down": {
          "uv": [
            7,
            9.5,
            6.5,
            10
          ],
          "texture": "#0"
        }
      }
    },
    {
      "from": [
        7.8,
        9.8,
        9
      ],
      "to": [
        8.2,
        10.3,
        11.3
      ],
      "rotation": {
        "angle": 22.5,
        "axis": "x",
        "origin": [
          8,
          11.5,
          8.6
        ]
      },
      "faces": {
        "north": {
          "uv": [
            8.5,
            9.5,
            9,
            10
          ],
          "texture": "#0"
        },
        "east": {
          "uv": [
            9,
            6,
            10,
            6.5
          ],
          "texture": "#0"
        },
        "south": {
          "uv": [
            9,
            9.5,
            9.5,
            10
          ],
          "texture": "#0"
        },
        "west": {
          "uv": [
            9,
            6.5,
            10,
            7
          ],
          "texture": "#0"
        },
        "up": {
          "uv": [
            7.5,
            10,
            7,
            9
          ],
          "texture": "#0"
        },
        "down": {
          "uv": [
            9.5,
            7,
            9,
            8
          ],
          "texture": "#0"
        }
      }
    },
    {
      "from": [
        7.9,
        9.8,
        9.1
      ],
      "to": [
        8.1,
        10.1,
        11.4
      ],
      "rotation": {
        "angle": 45,
        "axis": "x",
        "origin": [
          8,
          11.3,
          8.7
        ]
      },
      "faces": {
        "north": {
          "uv": [
            7.5,
            10,
            8,
            10.5
          ],
          "texture": "#0"
        },
        "east": {
          "uv": [
            9,
            8.5,
            10,
            9
          ],
          "texture": "#0"
        },
        "south": {
          "uv": [
            10,
            7.5,
            10.5,
            8
          ],
          "texture": "#0"
        },
        "west": {
          "uv": [
            9.5,
            1,
            10.5,
            1.5
          ],
          "texture": "#0"
        },
        "up": {
          "uv": [
            1,
            10.5,
            0.5,
            9.5
          ],
          "texture": "#0"
        },
        "down": {
          "uv": [
            10,
            1.5,
            9.5,
            2.5
          ],
          "texture": "#0"
        }
      }
    },
    {
      "from": [
        7.8,
        10.3,
        5.8
      ],
      "to": [
        8.2,
        11.5,
        6.2
      ],
      "rotation": {
        "angle": 22.5,
        "axis": "x",
        "origin": [
          8,
          9.2,
          4.6
        ]
      },
      "faces": {
        "north": {
          "uv": [
            10,
            0,
            10.5,
            0.5
          ],
          "texture": "#0"
        },
        "east": {
          "uv": [
            10,
            0.5,
            10.5,
            1
          ],
          "texture": "#0"
        },
        "south": {
          "uv": [
            10,
            1.5,
            10.5,
            2
          ],
          "texture": "#0"
        },
        "west": {
          "uv": [
            10,
            2,
            10.5,
            2.5
          ],
          "texture": "#0"
        },
        "up": {
          "uv": [
            10.5,
            3,
            10,
            2.5
          ],
          "texture": "#0"
        },
        "down": {
          "uv": [
            10.5,
            3,
            10,
            3.5
          ],
          "texture": "#0"
        }
      }
    },
    {
      "from": [
        7.9,
        6.61075,
        6.23492
      ],
      "to": [
        8.1,
        9.81075,
        6.53492
      ],
      "rotation": {
        "angle": 0,
        "axis": "x",
        "origin": [
          8,
          9.2,
          6.5
        ]
      },
      "faces": {
        "north": {
          "uv": [
            7.5,
            8,
            8,
            9.5
          ],
          "texture": "#0"
        },
        "east": {
          "uv": [
            8,
            8,
            8.5,
            9.5
          ],
          "texture": "#0"
        },
        "south": {
          "uv": [
            8.5,
            0,
            9,
            1.5
          ],
          "texture": "#0"
        },
        "west": {
          "uv": [
            8.5,
            1.5,
            9,
            3
          ],
          "texture": "#0"
        },
        "up": {
          "uv": [
            10.5,
            4,
            10,
            3.5
          ],
          "texture": "#0"
        },
        "down": {
          "uv": [
            4.5,
            10,
            4,
            10.5
          ],
          "texture": "#0"
        }
      }
    },
    {
      "from": [
        8,
        2.71075,
        6.23492
      ],
      "to": [
        8,
        6.71075,
        6.53492
      ],
      "rotation": {
        "angle": -22.5,
        "axis": "x",
        "origin": [
          8,
          6.7,
          6.5
        ]
      },
      "faces": {
        "north": {
          "uv": [
            0,
            0,
            0,
            2
          ],
          "texture": "#0"
        },
        "east": {
          "uv": [
            7.5,
            6,
            8,
            8
          ],
          "texture": "#0"
        },
        "south": {
          "uv": [
            0,
            0,
            0,
            2
          ],
          "texture": "#0"
        },
        "west": {
          "uv": [
            6.5,
            7.5,
            7,
            9.5
          ],
          "texture": "#0"
        },
        "up": {
          "uv": [
            0,
            0.5,
            0,
            0
          ],
          "texture": "#0"
        },
        "down": {
          "uv": [
            0,
            0,
            0,
            0.5
          ],
          "texture": "#0"
        }
      }
    },
    {
      "from": [
        7.9,
        9.73492,
        6.68925
      ],
      "to": [
        8.1,
        10.73492,
        7.78925
      ],
      "rotation": {
        "angle": 22.5,
        "axis": "x",
        "origin": [
          8,
          10.7,
          6.7
        ]
      },
      "faces": {
        "north": {
          "uv": [
            10,
            4,
            10.5,
            4.5
          ],
          "texture": "#0"
        },
        "east": {
          "uv": [
            4.5,
            10,
            5,
            10.5
          ],
          "texture": "#0"
        },
        "south": {
          "uv": [
            10,
            4.5,
            10.5,
            5
          ],
          "texture": "#0"
        },
        "west": {
          "uv": [
            10,
            5,
            10.5,
            5.5
          ],
          "texture": "#0"
        },
        "up": {
          "uv": [
            6,
            10.5,
            5.5,
            10
          ],
          "texture": "#0"
        },
        "down": {
          "uv": [
            10.5,
            5.5,
            10,
            6
          ],
          "texture": "#0"
        }
      }
    },
    {
      "from": [
        7.9,
        8.91075,
        6.33492
      ],
      "to": [
        8.1,
        10.01075,
        6.63492
      ],
      "rotation": {
        "angle": -45,
        "axis": "x",
        "origin": [
          8,
          10,
          6.6
        ]
      },
      "faces": {
        "north": {
          "uv": [
            6,
            10,
            6.5,
            10.5
          ],
          "texture": "#0"
        },
        "east": {
          "uv": [
            10,
            6,
            10.5,
            6.5
          ],
          "texture": "#0"
        },
        "south": {
          "uv": [
            6.5,
            10,
            7,
            10.5
          ],
          "texture": "#0"
        },
        "west": {
          "uv": [
            10,
            6.5,
            10.5,
            7
          ],
          "texture": "#0"
        },
        "up": {
          "uv": [
            7.5,
            10.5,
            7,
            10
          ],
          "texture": "#0"
        },
        "down": {
          "uv": [
            10.5,
            7,
            10,
            7.5
          ],
          "texture": "#0"
        }
      }
    },
    {
      "from": [
        7.9,
        10.2,
        8.1
      ],
      "to": [
        8.1,
        10.7,
        10.2
      ],
      "rotation": {
        "angle": 0,
        "axis": "x",
        "origin": [
          8,
          11.9,
          7.7
        ]
      },
      "faces": {
        "north": {
          "uv": [
            9.5,
            9,
            10,
            9.5
          ],
          "texture": "#0"
        },
        "east": {
          "uv": [
            9,
            8,
            10,
            8.5
          ],
          "texture": "#0"
        },
        "south": {
          "uv": [
            9.5,
            9.5,
            10,
            10
          ],
          "texture": "#0"
        },
        "west": {
          "uv": [
            8.5,
            9,
            9.5,
            9.5
          ],
          "texture": "#0"
        },
        "up": {
          "uv": [
            0.5,
            10.5,
            0,
            9.5
          ],
          "texture": "#0"
        },
        "down": {
          "uv": [
            10,
            0,
            9.5,
            1
          ],
          "texture": "#0"
        }
      }
    }
  ]
}