{
  "credit": "Made with Blockbench",
  "texture_size": [
    32,
    32
  ],
  "elements": [
    {
      "from": [
        7.9,
        21,
        9
      ],
      "to": [
        9.1,
        24,
        17
      ],
      "rotation": {
        "angle": -22.5,
        "axis": "x",
        "origin": [
          8.5,
          22.5,
          8.5
        ]
      },
      "faces": {
        "north": {
          "uv": [
            10.5,
            2,
            11,
            3.5
          ],
          "texture": "#1"
        },
        "east": {
          "uv": [
            0,
            0,
            4,
            1.5
          ],
          "texture": "#1"
        },
        "south": {
          "uv": [
            10.5,
            3.5,
            11,
            5
          ],
          "texture": "#1"
        },
        "west": {
          "uv": [
            0,
            1.5,
            4,
            3
          ],
          "texture": "#1"
        },
        "up": {
          "uv": [
            8,
            12,
            7.5,
            8
          ],
          "texture": "#1"
        },
        "down": {
          "uv": [
            8.5,
            8,
            8,
            12
          ],
          "texture": "#1"
        }
      }
    },
    {
      "from": [
        7.9,
        20.6,
        11.6
      ],
      "to": [
        9.1,
        24.4,
        17
      ],
      "rotation": {
        "angle": 0,
        "axis": "y",
        "origin": [
          8.5,
          22.5,
          8.5
        ]
      },
      "faces": {
        "north": {
          "uv": [
            10,
            5,
            10.5,
            7
          ],
          "texture": "#1"
        },
        "east": {
          "uv": [
            0,
            6,
            2.5,
            8
          ],
          "texture": "#1"
        },
        "south": {
          "uv": [
            10,
            7,
            10.5,
            9
          ],
          "texture": "#1"
        },
        "west": {
          "uv": [
            2.5,
            6,
            5,
            8
          ],
          "texture": "#1"
        },
        "up": {
          "uv": [
            3,
            11.5,
            2.5,
            9
          ],
          "texture": "#1"
        },
        "down": {
          "uv": [
            3.5,
            9,
            3,
            11.5
          ],
          "texture": "#1"
        }
      }
    },
    {
      "from": [
        7.9,
        22.3,
        12
      ],
      "to": [
        9.1,
        24,
        17
      ],
      "rotation": {
        "angle": 45,
        "axis": "x",
        "origin": [
          8.5,
          22.5,
          8.5
        ]
      },
      "faces": {
        "north": {
          "uv": [
            8,
            5,
            8.5,
            6
          ],
          "texture": "#1"
        },
        "east": {
          "uv": [
            0,
            8,
            2.5,
            9
          ],
          "texture": "#1"
        },
        "south": {
          "uv": [
            8.5,
            5,
            9,
            6
          ],
          "texture": "#1"
        },
        "west": {
          "uv": [
            8,
            0,
            10.5,
            1
          ],
          "texture": "#1"
        },
        "up": {
          "uv": [
            4,
            11.5,
            3.5,
            9
          ],
          "texture": "#1"
        },
        "down": {
          "uv": [
            4.5,
            9,
            4,
            11.5
          ],
          "texture": "#1"
        }
      }
    },
    {
      "from": [
        7.9,
        21,
        0
      ],
      "to": [
        9.1,
        24,
        8
      ],
      "rotation": {
        "angle": 22.5,
        "axis": "x",
        "origin": [
          8.5,
          22.5,
          8.5
        ]
      },
      "faces": {
        "north": {
          "uv": [
            10.5,
            5,
            11,
            6.5
          ],
          "texture": "#1"
        },
        "east": {
          "uv": [
            0,
            3,
            4,
            4.5
          ],
          "texture": "#1"
        },
        "south": {
          "uv": [
            10.5,
            6.5,
            11,
            8
          ],
          "texture": "#1"
        },
        "west": {
          "uv": [
            4,
            0,
            8,
            1.5
          ],
          "texture": "#1"
        },
        "up": {
          "uv": [
            9,
            12,
            8.5,
            8
          ],
          "texture": "#1"
        },
        "down": {
          "uv": [
            0.5,
            9,
            0,
            13
          ],
          "texture": "#1"
        }
      }
    },
    {
      "from": [
        7.9,
        20.6,
        0
      ],
      "to": [
        9.1,
        24.4,
        5.4
      ],
      "rotation": {
        "angle": 0,
        "axis": "y",
        "origin": [
          8.5,
          22.5,
          8.5
        ]
      },
      "faces": {
        "north": {
          "uv": [
            10,
            9,
            10.5,
            11
          ],
          "texture": "#1"
        },
        "east": {
          "uv": [
            5,
            6,
            7.5,
            8
          ],
          "texture": "#1"
        },
        "south": {
          "uv": [
            10.5,
            0,
            11,
            2
          ],
          "texture": "#1"
        },
        "west": {
          "uv": [
            7.5,
            6,
            10,
            8
          ],
          "texture": "#1"
        },
        "up": {
          "uv": [
            5,
            11.5,
            4.5,
            9
          ],
          "texture": "#1"
        },
        "down": {
          "uv": [
            5.5,
            9,
            5,
            11.5
          ],
          "texture": "#1"
        }
      }
    },
    {
      "from": [
        7.9,
        22.3,
        0
      ],
      "to": [
        9.1,
        24,
        5
      ],
      "rotation": {
        "angle": -45,
        "axis": "x",
        "origin": [
          8.5,
          22.5,
          8.5
        ]
      },
      "faces": {
        "north": {
          "uv": [
            9,
            5,
            9.5,
            6
          ],
          "texture": "#1"
        },
        "east": {
          "uv": [
            8,
            1,
            10.5,
            2
          ],
          "texture": "#1"
        },
        "south": {
          "uv": [
            9.5,
            5,
            10,
            6
          ],
          "texture": "#1"
        },
        "west": {
          "uv": [
            8,
            2,
            10.5,
            3
          ],
          "texture": "#1"
        },
        "up": {
          "uv": [
            6,
            11.5,
            5.5,
            9
          ],
          "texture": "#1"
        },
        "down": {
          "uv": [
            6.5,
            9,
            6,
            11.5
          ],
          "texture": "#1"
        }
      }
    },
    {
      "from": [
        7.9,
        19,
        16
      ],
      "to": [
        9.1,
        21,
        17
      ],
      "rotation": {
        "angle": 22.5,
        "axis": "x",
        "origin": [
          8.5,
          22.5,
          8.5
        ]
      },
      "faces": {
        "north": {
          "uv": [
            11,
            0,
            11.5,
            1
          ],
          "texture": "#1"
        },
        "east": {
          "uv": [
            11,
            1,
            11.5,
            2
          ],
          "texture": "#1"
        },
        "south": {
          "uv": [
            11,
            2,
            11.5,
            3
          ],
          "texture": "#1"
        },
        "west": {
          "uv": [
            11,
            3,
            11.5,
            4
          ],
          "texture": "#1"
        },
        "up": {
          "uv": [
            4,
            12,
            3.5,
            11.5
          ],
          "texture": "#1"
        },
        "down": {
          "uv": [
            4.5,
            11.5,
            4,
            12
          ],
          "texture": "#1"
        }
      }
    },
    {
      "from": [
        7.9,
        19,
        0
      ],
      "to": [
        9.1,
        21,
        1
      ],
      "rotation": {
        "angle": -22.5,
        "axis": "x",
        "origin": [
          8.5,
          22.5,
          8.5
        ]
      },
      "faces": {
        "north": {
          "uv": [
            11,
            4,
            11.5,
            5
          ],
          "texture": "#1"
        },
        "east": {
          "uv": [
            11,
            5,
            11.5,
            6
          ],
          "texture": "#1"
        },
        "south": {
          "uv": [
            11,
            6,
            11.5,
            7
          ],
          "texture": "#1"
        },
        "west": {
          "uv": [
            11,
            7,
            11.5,
            8
          ],
          "texture": "#1"
        },
        "up": {
          "uv": [
            12,
            4.5,
            11.5,
            4
          ],
          "texture": "#1"
        },
        "down": {
          "uv": [
            5,
            11.5,
            4.5,
            12
          ],
          "texture": "#1"
        }
      }
    },
    {
      "from": [
        7.9,
        21,
        0
      ],
      "to": [
        9.1,
        22.7,
        5
      ],
      "rotation": {
        "angle": 45,
        "axis": "x",
        "origin": [
          8.5,
          22.5,
          8.5
        ]
      },
      "faces": {
        "north": {
          "uv": [
            11,
            8,
            11.5,
            9
          ],
          "texture": "#1"
        },
        "east": {
          "uv": [
            2.5,
            8,
            5,
            9
          ],
          "texture": "#1"
        },
        "south": {
          "uv": [
            11,
            9,
            11.5,
            10
          ],
          "texture": "#1"
        },
        "west": {
          "uv": [
            8,
            3,
            10.5,
            4
          ],
          "texture": "#1"
        },
        "up": {
          "uv": [
            7,
            11.5,
            6.5,
            9
          ],
          "texture": "#1"
        },
        "down": {
          "uv": [
            7.5,
            9,
            7,
            11.5
          ],
          "texture": "#1"
        }
      }
    },
    {
      "from": [
        7.9,
        24,
        0
      ],
      "to": [
        9.1,
        26,
        1
      ],
      "rotation": {
        "angle": 22.5,
        "axis": "x",
        "origin": [
          8.5,
          22.5,
          8.5
        ]
      },
      "faces": {
        "north": {
          "uv": [
            10,
            11,
            10.5,
            12
          ],
          "texture": "#1"
        },
        "east": {
          "uv": [
            11,
            10,
            11.5,
            11
          ],
          "texture": "#1"
        },
        "south": {
          "uv": [
            10.5,
            11,
            11,
            12
          ],
          "texture": "#1"
        },
        "west": {
          "uv": [
            11,
            11,
            11.5,
            12
          ],
          "texture": "#1"
        },
        "up": {
          "uv": [
            12,
            5,
            11.5,
            4.5
          ],
          "texture": "#1"
        },
        "down": {
          "uv": [
            5.5,
            11.5,
            5,
            12
          ],
          "texture": "#1"
        }
      }
    },
    {
      "from": [
        7.9,
        21,
        12
      ],
      "to": [
        9.1,
        22.7,
        17
      ],
      "rotation": {
        "angle": -45,
        "axis": "x",
        "origin": [
          8.5,
          22.5,
          8.5
        ]
      },
      "faces": {
        "north": {
          "uv": [
            11.5,
            0,
            12,
            1
          ],
          "texture": "#1"
        },
        "east": {
          "uv": [
            8,
            4,
            10.5,
            5
          ],
          "texture": "#1"
        },
        "south": {
          "uv": [
            11.5,
            1,
            12,
            2
          ],
          "texture": "#1"
        },
        "west": {
          "uv": [
            5,
            8,
            7.5,
            9
          ],
          "texture": "#1"
        },
        "up": {
          "uv": [
            9.5,
            10.5,
            9,
            8
          ],
          "texture": "#1"
        },
        "down": {
          "uv": [
            10,
            8,
            9.5,
            10.5
          ],
          "texture": "#1"
        }
      }
    },
    {
      "from": [
        7.9,
        24,
        16
      ],
      "to": [
        9.1,
        26,
        17
      ],
      "rotation": {
        "angle": -22.5,
        "axis": "x",
        "origin": [
          8.5,
          22.5,
          8.5
        ]
      },
      "faces": {
        "north": {
          "uv": [
            11.5,
            2,
            12,
            3
          ],
          "texture": "#1"
        },
        "east": {
          "uv": [
            2.5,
            11.5,
            3,
            12.5
          ],
          "texture": "#1"
        },
        "south": {
          "uv": [
            3,
            11.5,
            3.5,
            12.5
          ],
          "texture": "#1"
        },
        "west": {
          "uv": [
            11.5,
            3,
            12,
            4
          ],
          "texture": "#1"
        },
        "up": {
          "uv": [
            12,
            5.5,
            11.5,
            5
          ],
          "texture": "#1"
        },
        "down": {
          "uv": [
            6,
            11.5,
            5.5,
            12
          ],
          "texture": "#1"
        }
      }
    },
    {
      "from": [
        7.9,
        21,
        9
      ],
      "to": [
        9.1,
        24,
        17
      ],
      "rotation": {
        "angle": 22.5,
        "axis": "x",
        "origin": [
          8.5,
          22.5,
          8.5
        ]
      },
      "faces": {
        "north": {
          "uv": [
            10.5,
            8,
            11,
            9.5
          ],
          "texture": "#1"
        },
        "east": {
          "uv": [
            4,
            1.5,
            8,
            3
          ],
          "texture": "#1"
        },
        "south": {
          "uv": [
            9,
            10.5,
            9.5,
            12
          ],
          "texture": "#1"
        },
        "west": {
          "uv": [
            4,
            3,
            8,
            4.5
          ],
          "texture": "#1"
        },
        "up": {
          "uv": [
            1,
            13,
            0.5,
            9
          ],
          "texture": "#1"
        },
        "down": {
          "uv": [
            1.5,
            9,
            1,
            13
          ],
          "texture": "#1"
        }
      }
    },
    {
      "from": [
        7.9,
        21,
        0
      ],
      "to": [
        9.1,
        24,
        8
      ],
      "rotation": {
        "angle": -22.5,
        "axis": "x",
        "origin": [
          8.5,
          22.5,
          8.5
        ]
      },
      "faces": {
        "north": {
          "uv": [
            9.5,
            10.5,
            10,
            12
          ],
          "texture": "#1"
        },
        "east": {
          "uv": [
            0,
            4.5,
            4,
            6
          ],
          "texture": "#1"
        },
        "south": {
          "uv": [
            10.5,
            9.5,
            11,
            11
          ],
          "texture": "#1"
        },
        "west": {
          "uv": [
            4,
            4.5,
            8,
            6
          ],
          "texture": "#1"
        },
        "up": {
          "uv": [
            2,
            13,
            1.5,
            9
          ],
          "texture": "#1"
        },
        "down": {
          "uv": [
            2.5,
            9,
            2,
            13
          ],
          "texture": "#1"
        }
      }
    },
    {
      "from": [
        7.7,
        20,
        7
      ],
      "to": [
        9.3,
        25,
        10
      ],
      "rotation": {
        "angle": 0,
        "axis": "y",
        "origin": [
          0,
          -2,
          0
        ]
      },
      "faces": {
        "north": {
          "uv": [
            1,
            1.5,
            1.5,
            2.25
          ],
          "texture": "#0"
        },
        "east": {
          "uv": [
            1,
            0,
            1.75,
            0.75
          ],
          "texture": "#0"
        },
        "south": {
          "uv": [
            1.5,
            1.5,
            2,
            2.25
          ],
          "texture": "#0"
        },
        "west": {
          "uv": [
            1,
            0.75,
            1.75,
            1.5
          ],
          "texture": "#0"
        },
        "up": {
          "uv": [
            2.25,
            0.75,
            1.75,
            0
          ],
          "texture": "#0"
        },
        "down": {
          "uv": [
            2.25,
            0.75,
            1.75,
            1.5
          ],
          "texture": "#0"
        }
      }
    },
    {
      "from": [
        7.7,
        25.8,
        7.8
      ],
      "to": [
        9.3,
        28.5,
        9.2
      ],
      "rotation": {
        "angle": 0,
        "axis": "y",
        "origin": [
          0,
          2.5,
          0
        ]
      },
      "faces": {
        "north": {
          "uv": [
            2,
            1.5,
            2.5,
            2.25
          ],
          "texture": "#0"
        },
        "east": {
          "uv": [
            2.25,
            0.75,
            2.5,
            1.5
          ],
          "texture": "#0"
        },
        "south": {
          "uv": [
            2.25,
            0,
            2.75,
            0.75
          ],
          "texture": "#0"
        },
        "west": {
          "uv": [
            1,
            2.25,
            1.25,
            3
          ],
          "texture": "#0"
        },
        "up": {
          "uv": [
            1.75,
            2.5,
            1.25,
            2.25
          ],
          "texture": "#0"
        },
        "down": {
          "uv": [
            2.25,
            2.25,
            1.75,
            2.5
          ],
          "texture": "#0"
        }
      }
    },
    {
      "from": [
        8,
        -16,
        8
      ],
      "to": [
        9,
        29.4,
        9
      ],
      "faces": {
        "north": {
          "uv": [
            0,
            0,
            0.25,
            11.25
          ],
          "texture": "#0"
        },
        "east": {
          "uv": [
            0.25,
            0,
            0.5,
            11.25
          ],
          "texture": "#0"
        },
        "south": {
          "uv": [
            0.5,
            0,
            0.75,
            11.25
          ],
          "texture": "#0"
        },
        "west": {
          "uv": [
            0.75,
            0,
            1,
            11.25
          ],
          "texture": "#0"
        },
        "up": {
          "uv": [
            2.5,
            2.5,
            2.25,
            2.25
          ],
          "texture": "#0"
        },
        "down": {
          "uv": [
            2.75,
            0.75,
            2.5,
            1
          ],
          "texture": "#0"
        }
      }
    }
  ],
  "groups": [
    {
      "name": "axe head",
      "origin": [
        0,
        -2,
        0
      ],
      "color": 0,
      "children": [
        0,
        1,
        2,
        3,
        4,
        5,
        6,
        7,
        8,
        9,
        10,
        11,
        12,
        13
      ]
    },
    {
      "name": "axe body",
      "origin": [
        0,
        0,
        0
      ],
      "color": 0,
      "children": [
        14,
        15,
        16
      ]
    }
  ]
}