{
	"credit": "Made with Blockbench",
	"texture_size": [32, 32],
	"textures": {
		"0": "bsmce_epic_sword_texture",
		"particle": "bsmce_epic_sword_texture"
	},
	"elements": [
		{
			"from": [7.6, 2, 7.6],
			"to": [8.4, 9, 8.4],
			"rotation": {"angle": 0, "axis": "y", "origin": [8.5, -2, 8.5]},
			"faces": {
				"north": {"uv": [8, 10, 8.5, 13.5], "texture": "#0"},
				"east": {"uv": [9.5, 10, 10, 13.5], "texture": "#0"},
				"south": {"uv": [10, 10, 10.5, 13.5], "texture": "#0"},
				"west": {"uv": [10.5, 6, 11, 9.5], "texture": "#0"},
				"up": {"uv": [11.5, 9.5, 11, 9], "texture": "#0"},
				"down": {"uv": [12, 5.5, 11.5, 6], "texture": "#0"}
			}
		},
		{
			"from": [7.4, 9, 7.1],
			"to": [8.6, 10.5, 8.9],
			"rotation": {"angle": 0, "axis": "y", "origin": [8.5, 5, 9]},
			"faces": {
				"north": {"uv": [9, 12.5, 9.5, 13.5], "texture": "#0"},
				"east": {"uv": [11, 8, 12, 9], "texture": "#0"},
				"south": {"uv": [12.5, 9, 13, 10], "texture": "#0"},
				"west": {"uv": [0.5, 11.5, 1.5, 12.5], "texture": "#0"},
				"up": {"uv": [13, 13, 12.5, 12], "texture": "#0"},
				"down": {"uv": [13.5, 0, 13, 1], "texture": "#0"}
			}
		},
		{
			"from": [7.4, 9.2, 6.6],
			"to": [8.6, 10.8, 8.4],
			"rotation": {"angle": -22.5, "axis": "x", "origin": [8.5, 10.2, 7.5]},
			"faces": {
				"north": {"uv": [13, 1, 13.5, 2], "texture": "#0"},
				"east": {"uv": [11.5, 2.5, 12.5, 3.5], "texture": "#0"},
				"south": {"uv": [13, 2, 13.5, 3], "texture": "#0"},
				"west": {"uv": [11.5, 3.5, 12.5, 4.5], "texture": "#0"},
				"up": {"uv": [13.5, 4, 13, 3], "texture": "#0"},
				"down": {"uv": [13.5, 4, 13, 5], "texture": "#0"}
			}
		},
		{
			"from": [7.4, 9.2, 7.6],
			"to": [8.6, 10.8, 9.4],
			"rotation": {"angle": 22.5, "axis": "x", "origin": [8.5, 10.2, 8.5]},
			"faces": {
				"north": {"uv": [13, 5, 13.5, 6], "texture": "#0"},
				"east": {"uv": [11.5, 4.5, 12.5, 5.5], "texture": "#0"},
				"south": {"uv": [13, 6, 13.5, 7], "texture": "#0"},
				"west": {"uv": [8.5, 11.5, 9.5, 12.5], "texture": "#0"},
				"up": {"uv": [13.5, 8, 13, 7], "texture": "#0"},
				"down": {"uv": [13.5, 8, 13, 9], "texture": "#0"}
			}
		},
		{
			"from": [7.4, 10.3, 7.6],
			"to": [8.6, 12.8, 8.4],
			"rotation": {"angle": 0, "axis": "y", "origin": [8.5, 6.3, 9]},
			"faces": {
				"north": {"uv": [12, 12, 12.5, 13.5], "texture": "#0"},
				"east": {"uv": [12.5, 0, 13, 1.5], "texture": "#0"},
				"south": {"uv": [0.5, 12.5, 1, 14], "texture": "#0"},
				"west": {"uv": [1, 12.5, 1.5, 14], "texture": "#0"},
				"up": {"uv": [12, 9.5, 11.5, 9], "texture": "#0"},
				"down": {"uv": [12.5, 2, 12, 2.5], "texture": "#0"}
			}
		},
		{
			"from": [7.6, 10.2, 6.9],
			"to": [8.4, 11.8, 10],
			"rotation": {"angle": 45, "axis": "x", "origin": [8.5, 11.2, 9.5]},
			"faces": {
				"north": {"uv": [13, 9, 13.5, 10], "texture": "#0"},
				"east": {"uv": [10.5, 9.5, 12, 10.5], "texture": "#0"},
				"south": {"uv": [13, 10, 13.5, 11], "texture": "#0"},
				"west": {"uv": [10.5, 10.5, 12, 11.5], "texture": "#0"},
				"up": {"uv": [13, 3, 12.5, 1.5], "texture": "#0"},
				"down": {"uv": [13, 3, 12.5, 4.5], "texture": "#0"}
			}
		},
		{
			"from": [7.6, 10.2, 6],
			"to": [8.4, 11.8, 9.1],
			"rotation": {"angle": -45, "axis": "x", "origin": [8.5, 11.2, 6.5]},
			"faces": {
				"north": {"uv": [13, 11, 13.5, 12], "texture": "#0"},
				"east": {"uv": [11, 6, 12.5, 7], "texture": "#0"},
				"south": {"uv": [13, 12, 13.5, 13], "texture": "#0"},
				"west": {"uv": [11, 7, 12.5, 8], "texture": "#0"},
				"up": {"uv": [13, 6, 12.5, 4.5], "texture": "#0"},
				"down": {"uv": [13, 6, 12.5, 7.5], "texture": "#0"}
			}
		},
		{
			"from": [7.5, 10.5, 7.1],
			"to": [8.5, 30, 8.9],
			"rotation": {"angle": 0, "axis": "y", "origin": [8.5, 13.5, 9]},
			"faces": {
				"north": {"uv": [7.5, 0, 8, 10], "texture": "#0"},
				"east": {"uv": [5.5, 0, 6.5, 10], "texture": "#0"},
				"south": {"uv": [8, 0, 8.5, 10], "texture": "#0"},
				"west": {"uv": [6.5, 0, 7.5, 10], "texture": "#0"},
				"up": {"uv": [13, 14, 12.5, 13], "texture": "#0"},
				"down": {"uv": [13.5, 13, 13, 14], "texture": "#0"}
			}
		},
		{
			"from": [7.7, 11.5, 6.4],
			"to": [8.3, 30.6, 9.6],
			"rotation": {"angle": 0, "axis": "y", "origin": [8.5, 13.5, 9]},
			"faces": {
				"north": {"uv": [8.5, 0, 9, 9.5], "texture": "#0"},
				"east": {"uv": [0, 0, 1.5, 9.5], "texture": "#0"},
				"south": {"uv": [9, 0, 9.5, 9.5], "texture": "#0"},
				"west": {"uv": [1.5, 0, 3, 9.5], "texture": "#0"},
				"up": {"uv": [13, 9, 12.5, 7.5], "texture": "#0"},
				"down": {"uv": [9, 12.5, 8.5, 14], "texture": "#0"}
			}
		},
		{
			"from": [7.8, 20.5, 5.7],
			"to": [8.2, 30.4, 10.3],
			"rotation": {"angle": 0, "axis": "y", "origin": [8.5, 13.5, 9]},
			"faces": {
				"north": {"uv": [2, 9.5, 2.5, 14.5], "texture": "#0"},
				"east": {"uv": [3, 0, 5.5, 5], "texture": "#0"},
				"south": {"uv": [2.5, 9.5, 3, 14.5], "texture": "#0"},
				"west": {"uv": [3, 5, 5.5, 10], "texture": "#0"},
				"up": {"uv": [0.5, 14, 0, 11.5], "texture": "#0"},
				"down": {"uv": [12, 0, 11.5, 2.5], "texture": "#0"}
			}
		},
		{
			"from": [7.8, 17, 8.7],
			"to": [8.2, 20.5, 10.3],
			"rotation": {"angle": 22.5, "axis": "x", "origin": [8, 20.5, 10.3]},
			"faces": {
				"north": {"uv": [1.5, 11.5, 2, 13.5], "texture": "#0"},
				"east": {"uv": [9.5, 6, 10.5, 8], "texture": "#0"},
				"south": {"uv": [10.5, 11.5, 11, 13.5], "texture": "#0"},
				"west": {"uv": [9.5, 8, 10.5, 10], "texture": "#0"},
				"up": {"uv": [14, 1, 13.5, 0], "texture": "#0"},
				"down": {"uv": [14, 1, 13.5, 2], "texture": "#0"}
			}
		},
		{
			"from": [7.8, 17, 5.7],
			"to": [8.2, 20.5, 7.3],
			"rotation": {"angle": -22.5, "axis": "x", "origin": [8, 20.5, 5.7]},
			"faces": {
				"north": {"uv": [11, 11.5, 11.5, 13.5], "texture": "#0"},
				"east": {"uv": [8.5, 9.5, 9.5, 11.5], "texture": "#0"},
				"south": {"uv": [11.5, 11.5, 12, 13.5], "texture": "#0"},
				"west": {"uv": [3, 10, 4, 12], "texture": "#0"},
				"up": {"uv": [2, 14.5, 1.5, 13.5], "texture": "#0"},
				"down": {"uv": [14, 2, 13.5, 3], "texture": "#0"}
			}
		},
		{
			"from": [7.8, 28, 5.2],
			"to": [8.2, 31.5, 8.7],
			"rotation": {"angle": -45, "axis": "x", "origin": [8, 31.5, 6.2]},
			"faces": {
				"north": {"uv": [12, 0, 12.5, 2], "texture": "#0"},
				"east": {"uv": [0, 9.5, 2, 11.5], "texture": "#0"},
				"south": {"uv": [3, 12, 3.5, 14], "texture": "#0"},
				"west": {"uv": [9.5, 0, 11.5, 2], "texture": "#0"},
				"up": {"uv": [4, 14, 3.5, 12], "texture": "#0"},
				"down": {"uv": [4.5, 12, 4, 14], "texture": "#0"}
			}
		},
		{
			"from": [7.8, 28, 7.3],
			"to": [8.2, 31.5, 10.8],
			"rotation": {"angle": 45, "axis": "x", "origin": [8, 31.5, 9.8]},
			"faces": {
				"north": {"uv": [4.5, 12, 5, 14], "texture": "#0"},
				"east": {"uv": [9.5, 2, 11.5, 4], "texture": "#0"},
				"south": {"uv": [5, 12, 5.5, 14], "texture": "#0"},
				"west": {"uv": [9.5, 4, 11.5, 6], "texture": "#0"},
				"up": {"uv": [6, 14, 5.5, 12], "texture": "#0"},
				"down": {"uv": [6.5, 12, 6, 14], "texture": "#0"}
			}
		},
		{
			"from": [7.8, 27.3, 5.5],
			"to": [8.2, 30.8, 7.1],
			"rotation": {"angle": -22.5, "axis": "x", "origin": [8, 30.8, 5.5]},
			"faces": {
				"north": {"uv": [6.5, 12, 7, 14], "texture": "#0"},
				"east": {"uv": [4, 10, 5, 12], "texture": "#0"},
				"south": {"uv": [7, 12, 7.5, 14], "texture": "#0"},
				"west": {"uv": [5, 10, 6, 12], "texture": "#0"},
				"up": {"uv": [14, 4, 13.5, 3], "texture": "#0"},
				"down": {"uv": [14, 4, 13.5, 5], "texture": "#0"}
			}
		},
		{
			"from": [7.8, 27.3, 8.9],
			"to": [8.2, 30.8, 10.5],
			"rotation": {"angle": 22.5, "axis": "x", "origin": [8, 30.8, 10.5]},
			"faces": {
				"north": {"uv": [7.5, 12, 8, 14], "texture": "#0"},
				"east": {"uv": [6, 10, 7, 12], "texture": "#0"},
				"south": {"uv": [12, 8, 12.5, 10], "texture": "#0"},
				"west": {"uv": [7, 10, 8, 12], "texture": "#0"},
				"up": {"uv": [14, 6, 13.5, 5], "texture": "#0"},
				"down": {"uv": [14, 6, 13.5, 7], "texture": "#0"}
			}
		},
		{
			"from": [7.7, 29.3, 6.4],
			"to": [8.3, 31.6, 8.7],
			"rotation": {"angle": 45, "axis": "x", "origin": [8.5, 30, 8]},
			"faces": {
				"north": {"uv": [13.5, 7, 14, 8], "texture": "#0"},
				"east": {"uv": [12, 10, 13, 11], "texture": "#0"},
				"south": {"uv": [8, 13.5, 8.5, 14.5], "texture": "#0"},
				"west": {"uv": [12, 11, 13, 12], "texture": "#0"},
				"up": {"uv": [14, 9, 13.5, 8], "texture": "#0"},
				"down": {"uv": [9.5, 13.5, 9, 14.5], "texture": "#0"}
			}
		},
		{
			"from": [7.5, 29, 6.4],
			"to": [8.5, 30.3, 7.7],
			"rotation": {"angle": 45, "axis": "x", "origin": [8.5, 28.7, 8]},
			"faces": {
				"north": {"uv": [12, 5.5, 12.5, 6], "texture": "#0"},
				"east": {"uv": [13.5, 9, 14, 9.5], "texture": "#0"},
				"south": {"uv": [9.5, 13.5, 10, 14], "texture": "#0"},
				"west": {"uv": [13.5, 9.5, 14, 10], "texture": "#0"},
				"up": {"uv": [10.5, 14, 10, 13.5], "texture": "#0"},
				"down": {"uv": [14, 10, 13.5, 10.5], "texture": "#0"}
			}
		},
		{
			"from": [7.5, 0.8, 6.4],
			"to": [8.5, 1.8, 7.4],
			"rotation": {"angle": 45, "axis": "x", "origin": [8.5, 0.2, 8]},
			"faces": {
				"north": {"uv": [10.5, 13.5, 11, 14], "texture": "#0"},
				"east": {"uv": [13.5, 10.5, 14, 11], "texture": "#0"},
				"south": {"uv": [11, 13.5, 11.5, 14], "texture": "#0"},
				"west": {"uv": [13.5, 11, 14, 11.5], "texture": "#0"},
				"up": {"uv": [12, 14, 11.5, 13.5], "texture": "#0"},
				"down": {"uv": [14, 11.5, 13.5, 12], "texture": "#0"}
			}
		}
	],
	"groups": [
		{
			"name": "epic sword",
			"origin": [8.5, 0.2, 8],
			"color": 0,
			"children": [0, 1, 2, 3, 4, 5, 6, 7, 8, 9, 10, 11, 12, 13, 14, 15, 16, 17, 18]
		}
	]
}