{
	"credit": "Made with Blockbench",
	"texture_size": [64, 64],
	"textures": {
		"0": "bsmce_magic_staff_model_textures",
		"particle": "bsmce_magic_staff_model_textures"
	},
	"elements": [
		{
			"from": [8, -15, 8],
			"to": [9, 22, 9],
			"faces": {
				"north": {"uv": [0, 0, 0.25, 10.75], "texture": "#0"},
				"east": {"uv": [0.25, 0, 0.5, 10.75], "texture": "#0"},
				"south": {"uv": [0.5, 0, 0.75, 10.75], "texture": "#0"},
				"west": {"uv": [0.75, 0, 1, 10.75], "texture": "#0"},
				"up": {"uv": [3.25, 0.25, 3, 0], "texture": "#0"},
				"down": {"uv": [3.25, 0.25, 3, 0.5], "texture": "#0"}
			}
		},
		{
			"from": [8, 22, 7],
			"to": [9, 24, 8],
			"rotation": {"angle": -45, "axis": "x", "origin": [8, 24, 7]},
			"faces": {
				"north": {"uv": [2.75, 1, 3, 1.5], "texture": "#0"},
				"east": {"uv": [2.75, 1.5, 3, 2], "texture": "#0"},
				"south": {"uv": [2.75, 2, 3, 2.5], "texture": "#0"},
				"west": {"uv": [2.75, 2.5, 3, 3], "texture": "#0"},
				"up": {"uv": [2.75, 3.25, 2.5, 3], "texture": "#0"},
				"down": {"uv": [3.25, 2.5, 3, 2.75], "texture": "#0"}
			}
		},
		{
			"from": [8, 24, 7],
			"to": [9, 26, 8],
			"rotation": {"angle": 22.5, "axis": "x", "origin": [8, 24, 7]},
			"faces": {
				"north": {"uv": [2, 2, 2.25, 2.5], "texture": "#0"},
				"east": {"uv": [2.25, 0, 2.5, 0.5], "texture": "#0"},
				"south": {"uv": [2.25, 0.5, 2.5, 1], "texture": "#0"},
				"west": {"uv": [2.25, 1, 2.5, 1.5], "texture": "#0"},
				"up": {"uv": [1.5, 3.25, 1.25, 3], "texture": "#0"},
				"down": {"uv": [3.25, 1.25, 3, 1.5], "texture": "#0"}
			}
		},
		{
			"from": [9, 22, 8],
			"to": [10, 24, 9],
			"rotation": {"angle": -45, "axis": "z", "origin": [10, 24, 8]},
			"faces": {
				"north": {"uv": [2.25, 2.5, 2.5, 3], "texture": "#0"},
				"east": {"uv": [2.5, 2.5, 2.75, 3], "texture": "#0"},
				"south": {"uv": [2.75, 0, 3, 0.5], "texture": "#0"},
				"west": {"uv": [2.75, 0.5, 3, 1], "texture": "#0"},
				"up": {"uv": [2.5, 3.25, 2.25, 3], "texture": "#0"},
				"down": {"uv": [3.25, 2.25, 3, 2.5], "texture": "#0"}
			}
		},
		{
			"from": [9, 24, 8],
			"to": [10, 26, 9],
			"rotation": {"angle": 22.5, "axis": "z", "origin": [10, 24, 8]},
			"faces": {
				"north": {"uv": [1.25, 2, 1.5, 2.5], "texture": "#0"},
				"east": {"uv": [1.5, 2, 1.75, 2.5], "texture": "#0"},
				"south": {"uv": [2, 1.5, 2.25, 2], "texture": "#0"},
				"west": {"uv": [1.75, 2, 2, 2.5], "texture": "#0"},
				"up": {"uv": [1.25, 3.25, 1, 3], "texture": "#0"},
				"down": {"uv": [3.25, 1, 3, 1.25], "texture": "#0"}
			}
		},
		{
			"from": [8, 22, 9],
			"to": [9, 24, 10],
			"rotation": {"angle": 45, "axis": "x", "origin": [8, 24, 10]},
			"faces": {
				"north": {"uv": [2.5, 1.5, 2.75, 2], "texture": "#0"},
				"east": {"uv": [1.75, 2.5, 2, 3], "texture": "#0"},
				"south": {"uv": [2, 2.5, 2.25, 3], "texture": "#0"},
				"west": {"uv": [2.5, 2, 2.75, 2.5], "texture": "#0"},
				"up": {"uv": [2.25, 3.25, 2, 3], "texture": "#0"},
				"down": {"uv": [3.25, 2, 3, 2.25], "texture": "#0"}
			}
		},
		{
			"from": [8, 24, 9],
			"to": [9, 26, 10],
			"rotation": {"angle": -22.5, "axis": "x", "origin": [8, 24, 10]},
			"faces": {
				"north": {"uv": [2.25, 1.5, 2.5, 2], "texture": "#0"},
				"east": {"uv": [2.25, 2, 2.5, 2.5], "texture": "#0"},
				"south": {"uv": [2.5, 0, 2.75, 0.5], "texture": "#0"},
				"west": {"uv": [2.5, 0.5, 2.75, 1], "texture": "#0"},
				"up": {"uv": [1.75, 3.25, 1.5, 3], "texture": "#0"},
				"down": {"uv": [3.25, 1.5, 3, 1.75], "texture": "#0"}
			}
		},
		{
			"from": [7, 22, 8],
			"to": [8, 24, 9],
			"rotation": {"angle": 45, "axis": "z", "origin": [7, 24, 8]},
			"faces": {
				"north": {"uv": [1, 2.5, 1.25, 3], "texture": "#0"},
				"east": {"uv": [2.5, 1, 2.75, 1.5], "texture": "#0"},
				"south": {"uv": [1.25, 2.5, 1.5, 3], "texture": "#0"},
				"west": {"uv": [1.5, 2.5, 1.75, 3], "texture": "#0"},
				"up": {"uv": [2, 3.25, 1.75, 3], "texture": "#0"},
				"down": {"uv": [3.25, 1.75, 3, 2], "texture": "#0"}
			}
		},
		{
			"from": [7, 24, 8],
			"to": [8, 26, 9],
			"rotation": {"angle": -22.5, "axis": "z", "origin": [7, 24, 8]},
			"faces": {
				"north": {"uv": [2, 0, 2.25, 0.5], "texture": "#0"},
				"east": {"uv": [2, 0.5, 2.25, 1], "texture": "#0"},
				"south": {"uv": [1, 2, 1.25, 2.5], "texture": "#0"},
				"west": {"uv": [2, 1, 2.25, 1.5], "texture": "#0"},
				"up": {"uv": [3.25, 0.75, 3, 0.5], "texture": "#0"},
				"down": {"uv": [3.25, 0.75, 3, 1], "texture": "#0"}
			}
		},
		{
			"from": [7.5, 22, 7.5],
			"to": [9.5, 23, 9.5],
			"rotation": {"angle": 45, "axis": "y", "origin": [8.5, 23, 8.5]},
			"faces": {
				"north": {"uv": [1.5, 1.25, 2, 1.5], "texture": "#0"},
				"east": {"uv": [1.5, 1.5, 2, 1.75], "texture": "#0"},
				"south": {"uv": [1, 1.75, 1.5, 2], "texture": "#0"},
				"west": {"uv": [1.5, 1.75, 2, 2], "texture": "#0"},
				"up": {"uv": [1.5, 1.5, 1, 1], "texture": "#0"},
				"down": {"uv": [2, 0, 1.5, 0.5], "texture": "#0"}
			}
		},
		{
			"from": [7.5, -16, 7.5],
			"to": [9.5, -15, 9.5],
			"rotation": {"angle": 45, "axis": "y", "origin": [8.5, 29, 8.5]},
			"faces": {
				"north": {"uv": [1.5, 0.5, 2, 0.75], "texture": "#0"},
				"east": {"uv": [1.5, 0.75, 2, 1], "texture": "#0"},
				"south": {"uv": [1, 1.5, 1.5, 1.75], "texture": "#0"},
				"west": {"uv": [1.5, 1, 2, 1.25], "texture": "#0"},
				"up": {"uv": [1.5, 0.5, 1, 0], "texture": "#0"},
				"down": {"uv": [1.5, 0.5, 1, 1], "texture": "#0"}
			}
		}
	],
	"groups": [
		{
			"name": "staff",
			"origin": [0.5, 29, 0.5],
			"color": 0,
			"children": [0, 1, 2, 3, 4, 5, 6, 7, 8, 9, 10]
		}
	]
}