{
  "display": {
    "icon": {
      "item": "rpg_expansion:bsmceflameofcosmicforge"
    },
    "title": {
      "translate": "advancements.bsmceworldbreakerachievement.title"
    },
    "description": {
      "translate": "advancements.bsmceworldbreakerachievement.descr"
    },
    "frame": "challenge",
    "show_toast": true,
    "announce_to_chat": true,
    "hidden": true
  },
  "criteria": {
    "bsmceworldbreakerachievement": {
      "trigger": "minecraft:impossible"
    }
  },
  "rewards": {
    "experience": 100
  },
  "parent": "rpg_expansion:bsmceelectriteachievement"
}