{
  "display": {
    "background": "minecraft:textures/block/stone.png",
    "icon": {
      "item": "rpg_expansion:bsmceelectrite"
    },
    "title": {
      "translate": "advancements.bsmceachievementroot.title"
    },
    "description": {
      "translate": "advancements.bsmceachievementroot.descr"
    },
    "frame": "task",
    "show_toast": false,
    "announce_to_chat": false,
    "hidden": false
  },
  "criteria": {
    "bsmceachievementroot": {
      "trigger": "minecraft:impossible"
    }
  }
}