{
  "display": {
    "icon": {
      "item": "rpg_expansion:bsmceunobtaniumingot"
    },
    "title": {
      "translate": "advancements.bsmceunobtaniumingotachievement.title"
    },
    "description": {
      "translate": "advancements.bsmceunobtaniumingotachievement.descr"
    },
    "frame": "task",
    "show_toast": false,
    "announce_to_chat": true,
    "hidden": false
  },
  "criteria": {
    "bsmceunobtaniumingotachievement": {
      "trigger": "minecraft:inventory_changed",
      "conditions": {
        "items": [
          {
            "items": [
              "rpg_expansion:bsmceunobtaniumingot"
            ],
            "count": {
              "min": 1,
              "max": 1
            }
          }
        ]
      }
    }
  },
  "parent": "rpg_expansion:bsmceachievementroot"
}