{
  "display": {
    "icon": {
      "item": "rpg_expansion:bsmceflameofcosmicforge"
    },
    "title": {
      "translate": "advancements.bsmceforgottenskyachievement.title"
    },
    "description": {
      "translate": "advancements.bsmceforgottenskyachievement.descr"
    },
    "frame": "goal",
    "show_toast": false,
    "announce_to_chat": true,
    "hidden": false
  },
  "criteria": {
    "bsmceforgottenskyachievement": {
      "trigger": "minecraft:changed_dimension",
      "conditions": {
        "to": "rpg_expansion:bsmceforgottensky"
      }
    }
  },
  "parent": "rpg_expansion:bsmceforgottenstoneachievement"
}