{
  "parent": "block/cube",
  "textures": {
    "down": "rpg_expansion:block/bsmce_ruby_ore_deepslate_top",
    "up": "rpg_expansion:block/bsmce_ruby_ore_deepslate_top",
    "north": "rpg_expansion:block/bsmce_ruby_ore_deepslate_side",
    "east": "rpg_expansion:block/bsmce_ruby_ore_deepslate_side",
    "south": "rpg_expansion:block/bsmce_ruby_ore_deepslate_side",
    "west": "rpg_expansion:block/bsmce_ruby_ore_deepslate_side",
    "particle": "rpg_expansion:block/bsmce_ruby_ore_deepslate_top"
  },
  "render_type": "solid"
}