{
  "_fv": 57,
  "_type": "dimension",
  "definition": {
    "biomesInDimension": [
      {
        "value": "CUSTOM:Bsmcehellbiome"
      }
    ],
    "worldGenType": "Nether like gen",
    "mainFillerBlock": {
      "value": "Blocks.NETHERRACK"
    },
    "fluidBlock": {
      "value": "Blocks.FLOWING_LAVA"
    },
    "airColor": {
      "value": -6608640,
      "falpha": 0.0
    },
    "canRespawnHere": true,
    "hasFog": true,
    "isDark": false,
    "doesWaterVaporize": true,
    "sleepResult": "ALLOW",
    "hasSkyLight": false,
    "imitateOverworldBehaviour": false,
    "portalFrame": {
      "value": "CUSTOM:Bsmceskullblock"
    },
    "portalParticles": {
      "value": "DRIP_LAVA"
    },
    "portalLuminance": 0,
    "portalSound": {
      "value": "block.portal.ambient"
    },
    "enableIgniter": true,
    "igniterName": "Reactive Meteorite Shard",
    "specialInformation": {
      "fixedValue": []
    },
    "igniterTab": {
      "value": "CUSTOM:Bsmceitems"
    },
    "texture": "bsmce_meteorite_shard",
    "portalTexture": "bsmce_meteorite",
    "enablePortal": true
  }
}