{
  "_fv": 57,
  "_type": "villagertrade",
  "definition": {
    "tradeEntries": [
      {
        "villagerProfession": {
          "value": "WEAPONSMITH"
        },
        "entries": [
          {
            "price1": {
              "value": "Items.DIAMOND"
            },
            "countPrice1": 25,
            "price2": {
              "value": ""
            },
            "countPrice2": 1,
            "offer": {
              "value": "CUSTOM:Bsmceelectrite"
            },
            "countOffer": 1,
            "level": 3,
            "maxTrades": 4,
            "xp": 10,
            "priceMultiplier": 0.05
          }
        ]
      },
      {
        "villagerProfession": {
          "value": "WEAPONSMITH"
        },
        "entries": [
          {
            "price1": {
              "value": "Items.DIAMOND"
            },
            "countPrice1": 60,
            "price2": {
              "value": ""
            },
            "countPrice2": 1,
            "offer": {
              "value": "CUSTOM:Bsmceepicsword"
            },
            "countOffer": 1,
            "level": 4,
            "maxTrades": 1,
            "xp": 15,
            "priceMultiplier": 0.05
          }
        ]
      },
      {
        "villagerProfession": {
          "value": "WEAPONSMITH"
        },
        "entries": [
          {
            "price1": {
              "value": "Items.DIAMOND"
            },
            "countPrice1": 64,
            "price2": {
              "value": "Items.DIAMOND"
            },
            "countPrice2": 11,
            "offer": {
              "value": "CUSTOM:Bsmcecrystalsword"
            },
            "countOffer": 1,
            "level": 3,
            "maxTrades": 1,
            "xp": 5,
            "priceMultiplier": 0.05
          }
        ]
      },
      {
        "villagerProfession": {
          "value": "WANDERING_TRADER"
        },
        "entries": [
          {
            "price1": {
              "value": "Items.DIAMOND"
            },
            "countPrice1": 20,
            "price2": {
              "value": ""
            },
            "countPrice2": 1,
            "offer": {
              "value": "CUSTOM:Bsmcecryptoniteore"
            },
            "countOffer": 1,
            "level": 1,
            "maxTrades": 4,
            "xp": 10,
            "priceMultiplier": 0.05
          }
        ]
      }
    ]
  }
}